,one,lambdas,sigmas,MW,q,three,centile10,centile90,HPS,AVG,MEDIAN
ARG,R,0.1582837898326765,0.6559999999999999,156.19,1,ARG,0.0,0.3633628832407006,0.0,0.1582837898326765,0.1481481481481482
ASP,D,0.20745581359023074,0.558,115.09,-1,ASP,0.02201718727041883,0.41996411176621384,0.378378,0.20745581359023074,0.19402985074626866
ASN,N,0.2648094725518512,0.568,114.1,0,ASN,0.047003914234407154,0.46875000000000006,0.432432,0.2648094725518512,0.24691358024691357
GLU,E,0.22173958339871974,0.592,129.11,-1,GLU,0.032259880337379615,0.4303552162849873,0.459459,0.22173958339871974,0.19791666666666663
LYS,K,0.185142652223168,0.636,128.17,1,LYS,0.0,0.4663618706110862,0.513514,0.185142652223168,0.1415929203539824
HIS,H,0.4091773173841244,0.608,137.14,0,HIS,0.16519137466307282,0.6071088458185234,0.513514,0.4091773173841244,0.4319999999999999
GLN,Q,0.25464096473778874,0.602,128.13,0,GLN,0.04716585643033024,0.4721735544598834,0.513514,0.25464096473778874,0.2383985441310282
SER,S,0.3724420532022378,0.518,87.08,0,SER,0.10810900273913648,0.6660860458806366,0.594595,0.3724420532022378,0.358974358974359
CYS,C,0.769102256878125,0.548,103.14,0,CYS,0.44529297098956544,1.0,0.594595,0.769102256878125,0.7972972972972973
GLY,G,0.4573157523150715,0.45,57.05,0,GLY,0.12110169491525424,0.8135750940814231,0.648649,0.4573157523150715,0.46432062561094817
THR,T,0.425460314794368,0.562,101.11,0,THR,0.1746732617525234,0.6729460025305108,0.675676,0.425460314794368,0.4306049822064057
ALA,A,0.5331954367893412,0.504,71.07,0,ALA,0.25452267602104733,0.8458244255912867,0.72973,0.5331954367893412,0.5098039215686274
MET,M,0.7255656169493685,0.618,131.2,0,MET,0.5122431704501731,0.9403723404255323,0.837838,0.7255656169493685,0.7321016166281755
TYR,Y,0.6030785547901371,0.646,163.18,0,TYR,0.38909817351598175,0.8279574317968015,0.864865,0.6030785547901371,0.6097560975609757
VAL,V,0.7797027422602106,0.5860000000000001,99.13,0,VAL,0.4972764125919624,0.9687500000000001,0.891892,0.7797027422602106,0.825
TRP,W,0.7651285799833697,0.678,186.22,0,TRP,0.48333333333333334,1.0,0.945946,0.7651285799833697,0.7927927927927928
LEU,L,0.8027772271971894,0.618,113.16,0,LEU,0.5767308838133068,0.9883799702554494,0.972973,0.8027772271971894,0.8316610925306576
ILE,I,0.8626948823000551,0.618,113.16,0,ILE,0.671662941682414,1.0,0.972973,0.8626948823000551,0.9093567251461988
PRO,P,0.43721464565999424,0.5559999999999999,97.12,0,PRO,0.13017432494936118,0.7770452339884164,1.0,0.43721464565999424,0.369620253164557
PHE,F,0.8206231056308633,0.636,147.18,0,PHE,0.6159813308396984,1.0,1.0,0.8206231056308633,0.858416945373467
