variant,Rosetta_ddg_score
M1A,0.868965517241373
M1C,1.4165517241379129
M1D,-0.32137931034483325
M1E,0.782413793103411
M1F,0.007126436781571353
M1G,1.3156321839080098
M1H,0.46850574712642623
M1I,0.06057471264367011
M1K,0.7456321839080421
M1L,-0.33540229885057543
M1M,0.0
M1N,0.41712643678159833
M1P,0.9144827586207047
M1Q,-0.019540229885078902
M1R,0.14126436781609678
M1S,1.3482758620689546
M1T,-0.03873563218391986
M1V,0.8199999999999755
M1W,-0.12551724137932163
M1Y,0.24390804597699353
V2A,0.11482758620688621
V2C,1.0071264367816029
V2D,0.26068965517240406
V2E,0.30448275862070284
V2F,-0.6124137931034715
V2G,0.7371264367815974
V2H,0.17252873563216814
V2I,-0.058390804597679404
V2K,0.046321839080449005
V2L,-0.34666666666668855
V2M,-0.20321839080460105
V2N,0.4221839080459772
V2P,-0.7935632183908042
V2Q,0.23390804597699477
V2R,0.2151724137931116
V2S,0.10080459770114399
V2T,0.22011494252873146
V2V,0.0
V2W,-0.7308045977011826
V2Y,-0.5835632183907914
L3A,3.775747126436774
L3C,3.574022988505727
L3D,3.687586206896538
L3E,4.692183908045951
L3F,1.6412643678161047
L3G,6.228850574712648
L3H,3.4670114942528487
L3I,2.234022988505738
L3K,5.88172413793104
L3L,0.0
L3M,1.129999999999976
L3N,2.152528735632155
L3P,7.104022988505755
L3Q,3.3262068965517098
L3R,5.421149425287342
L3S,4.610919540229887
L3T,3.775517241379295
L3V,1.7394252873563
L3W,3.4368965517241326
L3Y,3.918275862068985
D4A,0.9744827586207364
D4C,0.9980459770114803
D4D,0.0
D4E,0.5200000000000132
D4F,0.1466666666666744
D4G,1.334712643678131
D4H,-0.07816091954023721
D4I,0.4062068965517232
D4K,0.3379310344828041
D4L,-0.053908045976978146
D4M,0.6578160919540441
D4N,-0.24850574712641463
D4P,2.1097701149425307
D4Q,0.7647126436781633
D4R,0.17471264367819803
D4S,0.5382758620689778
D4T,0.004482758620701259
D4V,0.3085057471264463
D4W,0.11413793103448872
D4Y,0.33344827586206366
V5A,1.5741379310345016
V5C,1.7075862068965904
V5D,2.336896551724153
V5E,1.8180459770115736
V5F,-0.6050574712643036
V5G,2.1395402298850876
V5H,1.4625287356322023
V5I,0.5567816091954605
V5K,0.5718390804598381
V5L,-0.5286206896551385
V5M,-0.4189655172413511
V5N,0.9819540229885457
V5P,3.086551724137978
V5Q,0.8641379310345123
V5R,0.9837931034482985
V5S,1.877241379310331
V5T,0.5749425287356268
V5V,0.0
V5W,-0.09873563218387313
V5Y,-0.5331034482758006
T6A,0.9766666666666879
T6C,1.544597701149424
T6D,-0.21011494252873272
T6E,0.5555172413793069
T6F,0.6406896551724348
T6G,0.8772413793103389
T6H,-0.12080459770118068
T6I,1.1032183908045665
T6K,0.8371264367815848
T6L,0.3872413793103611
T6M,0.527931034482741
T6N,0.42413793103448905
T6P,0.8700000000000085
T6Q,0.8754022988505862
T6R,0.07908045977011359
T6S,0.42022988505746545
T6T,0.0
T6V,1.0114942528735449
T6W,0.10126436781606259
T6Y,0.41183908045977974
K7A,0.3285057471264438
K7C,1.550919540229878
K7D,1.9570114942528813
K7E,0.7293103448275894
K7F,-0.5760919540229821
K7G,1.6593103448275512
K7H,-0.09114942528734399
K7I,-1.0926436781609294
K7K,0.0
K7L,-1.5555172413793383
K7M,0.5340229885057162
K7N,1.0672413793103543
K7P,2.2941379310344896
K7Q,0.5557471264367858
K7R,0.1710344827586141
K7S,1.2542528735632223
K7T,1.4905747126436868
K7V,-0.2714942528735594
K7W,-1.5503448275862395
K7Y,-0.26333333333335257
D8A,0.3890804597701531
D8C,1.5382758620689307
D8D,0.0
D8E,-0.16540229885055757
D8F,0.5064367816091896
D8G,1.2398850574712814
D8H,0.15620689655171535
D8I,1.2414942528735946
D8K,0.315517241379337
D8L,0.14471264367816258
D8M,0.38505747126437045
D8N,0.3386206896551624
D8P,1.6275862068966005
D8Q,0.20367816091951965
D8R,0.2922988505747134
D8S,0.35724137931032574
D8T,0.5193103448275765
D8V,1.4480459770115024
D8W,0.29965517241380285
D8Y,0.7098850574712695
H9A,0.5527586206896777
H9C,0.6956321839080876
H9D,0.1519540229885322
H9E,-0.5390804597700951
H9F,0.1324137931034925
H9G,1.4752873563218694
H9H,0.0
H9I,-0.7405747126436241
H9K,-0.40298850574709705
H9L,-0.7905747126436178
H9M,-0.13977011494250355
H9N,0.5036781609195604
H9P,4.282643678160921
H9Q,-0.808045977011465
H9R,-0.3697701149424747
H9S,1.087241379310391
H9T,0.2513793103448812
H9V,-0.7091954022987936
H9W,-0.47666666666663304
H9Y,0.15873563218394401
W10A,6.824482758620708
W10C,7.384942528735635
W10D,6.924827586206894
W10E,6.527356321839095
W10F,1.5875862068965663
W10G,8.679425287356331
W10H,4.397241379310368
W10I,4.717816091954005
W10K,7.893333333333375
W10L,3.9365517241379497
W10M,4.410114942528716
W10N,6.636551724137925
W10P,18.487241379310365
W10Q,6.013103448275858
W10R,5.684367816091974
W10S,7.797931034482731
W10T,6.781264367816087
W10V,5.759080459770107
W10W,0.0
W10Y,2.285517241379325
L11A,1.3514942528735414
L11C,2.2037931034483025
L11D,1.9362068965517274
L11E,0.7280459770115142
L11F,0.39563218390800764
L11G,1.3632183908046123
L11H,1.1998850574712472
L11I,-0.09827586206895454
L11K,1.4800000000000104
L11L,0.0
L11M,0.34724137931036614
L11N,1.7181609195402274
L11P,8.593793103448284
L11Q,0.678735632183918
L11R,1.5660919540229754
L11S,2.047471264367828
L11T,1.2458620689654976
L11V,0.036321839080489464
L11W,-0.16436781609196136
L11Y,0.5413793103448449
P12A,-1.0493103448275884
P12C,0.1449425287356807
P12D,-0.6937931034482564
P12E,-1.0941379310344834
P12F,-1.169540229885013
P12G,-0.028620689655122863
P12H,-0.9450574712643394
P12I,-1.6610344827585841
P12K,-1.1347126436781168
P12P,0.0
P12M,-1.4029885057470892
P12N,-0.8413793103448072
P12L,-1.6701149425287065
P12Q,-0.6883908045976788
P12R,-1.3273563218390414
P12S,-0.6141379310344652
P12T,-0.9613793103447922
P12V,-1.5536781609195462
P12W,-1.6537931034482536
P12Y,-1.08528735632184
Y13A,2.0152873563218017
Y13C,2.9735632183908054
Y13D,2.9440229885057274
Y13E,1.928620689655159
Y13F,-0.6570114942528876
Y13G,3.4788505747126
Y13H,0.830344827586173
Y13I,0.2986206896551674
Y13K,2.0744827586206767
Y13L,-0.5896551724138057
Y13M,0.9622988505747078
Y13N,2.2226436781609054
Y13P,8.061839080459722
Y13Q,1.7579310344827437
Y13R,0.262413793103437
Y13S,2.6601149425287
Y13T,1.506091954022983
Y13V,1.254712643678141
Y13W,1.008275862068958
Y13Y,0.0
V14A,1.9044827586206983
V14C,2.507011494252891
V14D,4.221839080459811
V14E,3.8429885057471362
V14F,2.199310344827601
V14G,4.260689655172452
V14H,3.578620689655187
V14I,0.10218390804597817
V14K,6.049195402298869
V14L,-0.6098850574712429
V14M,1.7385057471264238
V14N,2.5012643678160753
V14P,7.124367816091951
V14Q,3.2437931034482896
V14R,4.940574712643685
V14S,3.2931034482758856
V14T,2.1490804597701283
V14V,0.0
V14W,6.288850574712679
V14Y,3.2066666666666825
L15A,1.0282758620689163
L15C,1.6695402298850288
L15D,1.5542528735631849
L15E,0.7001149425286712
L15F,0.22919540229881463
L15G,2.157241379310296
L15H,0.625632183908018
L15I,0.13586206896551914
L15K,0.7135632183907751
L15L,0.0
L15M,0.49149425287353177
L15N,1.0687356321839083
L15P,6.370114942528744
L15Q,0.9631034482758251
L15R,0.5105747126436528
L15S,1.6311494252873076
L15T,1.1314942528735692
L15V,0.4793103448275423
L15W,-0.5305747126437288
L15Y,0.36390804597697846
L16A,0.6686206896551602
L16C,1.4554022988505526
L16D,0.7719540229884937
L16E,0.5432183908045584
L16F,0.6349425287356193
L16G,1.429195402298821
L16H,0.39333333333333625
L16I,0.3760919540229679
L16K,0.37551724137929027
L16L,0.0
L16M,0.39011494252871015
L16N,0.5458620689654677
L16P,6.377586206896514
L16Q,0.8685057471264153
L16R,0.15298850574712844
L16S,0.9156321839080208
L16T,0.7870114942528321
L16V,0.6863218390804079
L16W,0.15689655172411285
L16Y,0.7313793103447819
A17A,0.0
A17C,0.7371264367815582
A17D,1.4597701149424949
A17E,0.9349425287355816
A17F,0.7222988505746987
A17G,2.0103448275861817
A17H,1.5177011494252557
A17I,-0.051609195402346
A17K,1.7067816091953947
A17L,0.6334482758620652
A17M,0.4305747126436629
A17N,1.67413793103445
A17P,6.163448275862077
A17Q,1.0686206896551493
A17R,1.2696551724137204
A17S,0.3274712643677692
A17T,0.3682758620689599
A17V,0.0024137931034303997
A17W,0.7662068965517173
A17Y,0.9812643678160307
Q18A,0.7621839080459346
Q18C,1.2918390804597086
Q18D,-0.26747126436785507
Q18E,0.10114942528734273
Q18F,0.33712643678156917
Q18G,1.1083908045977044
Q18H,-0.824827586206954
Q18I,0.29034482758616237
Q18K,0.19620689655167114
Q18L,-0.05965517241383293
Q18M,0.38540229885052996
Q18N,0.04333333333330176
Q18P,1.4162068965516357
Q18Q,0.0
Q18R,0.26137931034480155
Q18S,0.10827586206891408
Q18T,0.0012643678160751232
Q18V,0.24850574712641463
Q18W,-0.36218390804598477
Q18Y,0.39057471264362875
L19A,1.537701149425253
L19C,1.8242528735632293
L19D,2.681264367816092
L19E,2.090344827586172
L19F,0.7311494252873422
L19G,2.3631034482758455
L19H,1.2954022988505727
L19I,0.21551724137931036
L19K,0.6104597701149205
L19L,0.0
L19M,0.9256321839080196
L19N,1.6588505747125935
L19P,2.9472413793103147
L19Q,1.2160919540229802
L19R,0.740689655172383
L19S,2.0766666666666285
L19T,1.3854022988505221
L19V,0.15183908045973396
L19W,0.19999999999997492
L19Y,0.6734482758620602
P20A,0.3847126436781717
P20C,0.7303448275861856
P20D,2.816781609195373
P20E,2.117126436781581
P20F,-0.9224137931034718
P20G,1.9799999999999869
P20H,0.0658620689654887
P20I,0.08517241379308871
P20K,4.8689655172413415
P20L,-0.2393103448275724
P20M,-0.4172413793103574
P20N,1.423333333333364
P20P,0.0
P20Q,2.2452873563218514
P20R,3.5898850574712613
P20S,1.1493103448275759
P20T,0.8621839080459612
P20V,-0.827816091954062
P20W,2.927356321839076
P20Y,0.9491954022988419
V21A,3.1028735632183913
V21C,2.869770114942553
V21D,4.357586206896571
V21E,4.921609195402323
V21F,2.874827586206893
V21G,5.62747126436781
V21H,6.487471264367859
V21I,-0.4534482758620878
V21K,5.79931034482762
V21L,0.928390804597727
V21M,2.904022988505811
V21N,3.330114942528773
V21P,6.23287356321843
V21Q,4.157471264367838
V21R,5.2847126436782235
V21S,4.441494252873585
V21T,1.5247126436781855
V21V,0.0
V21W,3.1688505747127174
V21Y,4.850344827586257
M22A,3.2087356321839144
M22C,2.873218390804619
M22D,4.037471264367853
M22E,2.522528735632226
M22F,2.4187356321838958
M22G,5.655402298850575
M22H,3.6536781609195574
M22I,0.5475862068965398
M22K,4.633563218390793
M22L,0.10482758620692666
M22M,0.0
M22N,2.8786206896551967
M22P,5.826896551724147
M22Q,1.699770114942543
M22R,2.8359770114942533
M22S,4.001379310344842
M22T,2.2277011494253234
M22V,0.11206896551725706
M22W,2.404252873563235
M22Y,3.3829885057471545
V23A,3.4002298850574837
V23C,2.7712643678160807
V23D,4.732873563218383
V23E,3.62666666666663
V23F,3.369310344827572
V23G,6.291609195402269
V23H,2.7149425287355937
V23I,2.244367816091936
V23K,8.658505747126418
V23L,0.20850574712641964
V23M,2.471609195402317
V23N,2.8688505747126376
V23P,7.60183908045974
V23Q,2.5677011494252806
V23R,7.593103448275856
V23S,4.32425287356319
V23T,2.407816091954021
V23V,0.0
V23W,7.936436781609198
V23Y,8.795172413793054
L24A,3.8018390804597466
L24C,3.5367816091954003
L24D,4.458735632183914
L24E,4.456781609195442
L24F,-0.055057471264372625
L24G,6.807816091954018
L24H,1.740000000000017
L24I,1.8124137931034385
L24K,6.361839080459778
L24L,0.0
L24M,2.157126436781615
L24N,3.187126436781643
L24P,8.99471264367815
L24Q,3.61425287356324
L24R,5.094022988505732
L24S,4.410229885057475
L24T,3.71356321839083
L24V,1.7628735632183634
L24W,1.7336781609195238
L24Y,0.60321839080459
F25A,4.895632183908031
F25C,4.865287356321797
F25D,6.527241379310336
F25E,6.487816091954018
F25F,0.0
F25G,7.640114942528742
F25H,3.465747126436813
F25I,5.511954022988487
F25K,7.110689655172408
F25L,4.632413793103438
F25M,3.836206896551685
F25N,4.794367816091929
F25P,9.720689655172434
F25Q,5.142068965517254
F25R,5.473793103448284
F25S,6.2074712643677765
F25T,6.414482758620681
F25V,4.675747126436779
F25W,2.7408045977011266
F25Y,1.1135632183908033
R26A,0.5455172413792689
R26C,0.45793103448274985
R26D,1.1532183908045603
R26E,2.2081609195402443
R26F,-1.960919540229905
R26G,2.2604597701149096
R26H,-0.280229885057483
R26I,-1.5732183908046253
R26K,0.2580459770114556
R26L,-1.3056321839080502
R26M,-0.14413793103452416
R26N,0.46954022988506167
R26P,5.108275862068953
R26Q,0.002988505747108038
R26R,0.0
R26S,0.4228735632183747
R26T,-0.35540229885061214
R26V,-1.2606896551723963
R26W,-1.6228735632184201
R26Y,-1.5858620689655334
K27A,0.5389655172413752
K27C,0.6208045977011571
K27D,0.5787356321838913
K27E,0.11724137931031661
K27F,-0.09505747126436762
K27G,0.7744827586206439
K27H,-0.2845977011494644
K27I,-0.9596551724137985
K27K,0.0
K27L,0.16505747126435882
K27M,0.23655172413790407
K27N,0.1341379310344862
K27P,3.6260919540229914
K27Q,0.6278160919539695
K27R,-0.712528735632218
K27S,0.9397701149424816
K27T,0.06873563218387689
K27V,-1.040919540229942
K27W,0.13551724137928117
K27Y,0.6456321839080155
D28A,1.3977011494252707
D28C,1.6701149425287065
D28D,0.0
D28E,2.4585057471263725
D28F,0.9268965517240947
D28G,1.6795402298849884
D28H,2.022873563218331
D28I,1.126436781609151
D28K,2.564022988505697
D28L,0.4124137931034182
D28M,0.377241379310284
D28N,0.7447126436781265
D28P,3.522298850574661
D28Q,1.004712643678133
D28R,1.864597701149384
D28S,0.8601149425286904
D28T,0.3001149425286822
D28V,2.0940229885057167
D28W,2.0998850574712127
D28Y,1.4911494252872861
N29A,0.8937931034482706
N29C,1.133218390804602
N29D,0.07183908045978318
N29E,0.1739080459770023
N29F,0.4783908045977051
N29G,-0.06988505747123216
N29H,0.2879310344827712
N29I,1.6319540229885034
N29K,0.43229885057473505
N29L,0.5378160919540592
N29M,0.7218390804597409
N29N,0.0
N29P,1.5752873563218568
N29Q,0.7256321839080446
N29R,0.6532183908045838
N29S,0.9494252873563208
N29T,1.6113793103448282
N29V,1.0645977011494057
N29W,0.798735632183903
N29Y,0.6218390804597534
D30A,-0.2834482758620307
D30C,0.41712643678159833
D30D,0.0
D30E,0.4455172413793599
D30F,1.1129885057471256
D30G,0.19298850574716261
D30H,-0.4233333333333325
D30I,1.1962068965517418
D30K,0.6383908045977634
D30L,0.28735632183909354
D30M,0.10068965517246335
D30N,0.1772413793103875
D30P,5.585862068965541
D30Q,0.9506896551724352
D30R,0.13551724137935958
D30S,-0.21620689655170783
D30T,-0.019195402298801754
D30V,1.2241379310345064
D30W,2.628045977011511
D30Y,0.5075862068965841
E31A,0.771379310344816
E31C,2.0843678160919556
E31D,0.49080459770113427
E31E,0.0
E31F,0.6068965517241348
E31G,1.2913793103448292
E31H,0.4813793103448132
E31I,0.7957471264367949
E31K,0.6182758620689678
E31L,0.5645977011494293
E31M,0.7244827586206893
E31N,0.6855172413792906
E31P,1.4814942528735644
E31Q,0.9727586206896643
E31R,0.8681609195402166
E31S,0.8475862068965414
E31T,0.9537931034482631
E31V,0.8654022988505874
E31W,-0.01517241379309749
E31Y,0.7209195402298645
E32A,0.04724137931032538
E32C,1.365057471264365
E32D,0.5514942528735635
E32E,0.0
E32F,0.638735632183923
E32G,1.5881609195402437
E32H,0.5352873563218306
E32I,0.6324137931034298
E32K,-0.3002298850574805
E32L,1.0302298850574674
E32M,0.19597701149423144
E32N,0.4858620689655144
E32P,3.8197701149425125
E32Q,0.4452873563218418
E32R,0.6829885057471403
E32S,0.8164367816091899
E32T,0.603448275862069
E32V,0.6120689655172336
E32W,0.23459770114943146
E32Y,0.8522988505746824
A33A,0.0
A33C,0.7142528735632118
A33D,1.6465517241379233
A33E,2.5627586206896216
A33F,4.357931034482731
A33G,1.714137931034484
A33H,1.4929885057471173
A33I,-0.14287356321840983
A33K,4.097126436781608
A33L,2.4749425287356237
A33M,1.912413793103426
A33N,1.1468965517241063
A33P,5.039655172413797
A33Q,0.8897701149425271
A33R,5.233793103448275
A33S,1.3357471264367664
A33T,0.5647126436781491
A33V,-0.8614942528736029
A33W,4.671034482758638
A33Y,4.873908045977001
K34A,0.5827586206896348
K34C,1.4474712643678247
K34D,1.3740229885057285
K34E,0.6890804597701154
K34F,0.6135632183907875
K34G,1.4171264367815906
K34H,0.29149425287355685
K34I,0.09827586206895454
K34K,0.0
K34L,-0.0909195402299043
K34M,0.505517241379274
K34N,1.033908045976973
K34P,6.025172413793088
K34Q,0.7997701149424992
K34R,-0.2385057471264551
K34S,1.1095402298850598
K34T,0.7017241379309843
K34V,0.43620689655168027
K34W,-0.5822988505747162
K34Y,0.627011494252813
K35A,0.3737931034482574
K35C,1.280344827586195
K35D,0.9901149425287132
K35E,0.2347126436781513
K35F,-2.0595402298850973
K35G,1.483563218390796
K35H,-0.509080459770138
K35I,-0.4901149425286976
K35K,0.0
K35L,-0.6039080459770267
K35M,0.009999999999998746
K35N,0.7652873563218017
K35P,7.4262068965517445
K35Q,0.6854022988505708
K35R,0.03034482758619498
K35S,0.9541379310344618
K35T,0.11885057471262968
K35V,-0.10885057471263093
K35W,-0.816551724137949
K35Y,-1.822988505747115
V36A,2.0290804597701433
V36C,2.9019540229885403
V36D,4.6232183908046345
V36E,4.17390804597705
V36F,4.949655172413808
V36G,4.069310344827641
V36H,5.163908045977082
V36I,1.4741379310345142
V36K,6.670000000000026
V36L,1.146551724137986
V36M,1.3696551724138255
V36N,2.8309195402299134
V36P,9.528045977011509
V36Q,3.7658620689655344
V36R,7.4968965517241335
V36S,3.263678160919567
V36T,2.0788505747126975
V36V,0.0
V36W,9.602988505747158
V36Y,8.075402298850625
E37A,-0.6410344827585943
E37C,0.47321839080460637
E37D,1.1750574712643498
E37E,0.0
E37F,0.7124137931034198
E37G,0.790689655172416
E37H,0.9335632183907866
E37I,-0.6782758620689602
E37K,0.3699999999999928
E37L,-1.6608045977011443
E37M,-0.1521839080459719
E37N,1.0316091954023014
E37P,7.206436781609172
E37Q,-0.09471264367812966
E37R,-0.030344827586234184
E37S,1.06597701149424
E37T,-0.3497701149425164
E37V,-0.002183908045951504
E37W,-0.19931034482757742
E37Y,1.0981609195402269
Y38A,0.3319540229885096
Y38C,1.2443678160919827
Y38D,0.734712643678167
Y38E,0.5406896551724082
Y38F,0.11505747126436511
Y38G,1.360689655172423
Y38H,0.24310344827587618
Y38I,0.018735632183883168
Y38K,0.23862068965517494
Y38L,-0.12344827586208998
Y38M,0.299540229885083
Y38N,0.7697701149425421
Y38P,6.072643678160932
Y38Q,0.6941379310344944
Y38R,-0.014712643678178901
Y38S,0.9720689655172277
Y38T,0.7268965517241197
Y38V,0.21919540229885506
Y38W,-0.15574712643675756
Y38Y,0.0
I39A,1.6239080459769772
I39C,2.4788505747126472
I39D,3.16149425287355
I39E,2.650804597701138
I39F,0.4217241379310194
I39G,3.634482758620677
I39H,0.9739080459769803
I39I,0.0
I39K,2.7075862068965435
I39L,0.31172413793103326
I39M,2.1227586206896376
I39N,1.5041379310344711
I39P,7.598735632183874
I39Q,1.4314942528735708
I39R,0.986091954023009
I39S,2.7788505747126098
I39T,1.7840229885057555
I39V,0.75839080459767
I39W,-0.5085057471264605
I39Y,0.6447126436781391
V40A,1.8680459770114888
V40C,1.9932183908045726
V40D,3.527356321839079
V40E,3.3043678160919594
V40F,-0.5983908045977293
V40G,4.207701149425271
V40H,3.834597701149411
V40I,-0.30643678160921467
V40K,5.747816091953994
V40L,0.6964367816091658
V40M,1.2472413793103316
V40N,2.3905747126436525
V40P,10.546321839080464
V40Q,2.5594252873562757
V40R,3.9796551724137723
V40S,3.2275862068965173
V40T,1.8700000000000008
V40V,0.0
V40W,2.8716091954023057
V40Y,6.1780459770114975
R41A,1.6016091954022693
R41C,2.706321839080468
R41D,2.587586206896519
R41E,1.8271264367815783
R41F,0.9389655172413642
R41G,2.5759770114942464
R41H,1.3758620689654812
R41I,1.0380459770114754
R41K,1.3095402298849954
R41L,1.0208045977011462
R41M,1.2617241379310318
R41N,2.1681609195402105
R41P,7.666781609195392
R41Q,0.9628735632183854
R41R,0.0
R41S,2.199195402298842
R41T,2.037126436781591
R41V,1.238505747126408
R41W,0.08114942528734524
R41Y,1.2580459770114478
E42A,0.47252873563220893
E42C,1.4756321839080682
E42D,0.8226436781609633
E42E,0.0
E42F,0.22206896551724326
E42G,1.770114942528733
E42H,1.2673563218390882
E42I,0.04471264367817514
E42K,0.6931034482758589
E42L,-0.31655172413789406
E42M,-0.10172413793102038
E42N,1.1685057471264562
E42P,6.981494252873541
E42Q,0.787701149425308
E42R,-0.3860919540230059
E42S,1.42931034482758
E42T,1.1549425287356325
E42V,-0.058390804597679404
E42W,-0.61781609195401
E42Y,0.2682758620689724
L43A,3.480919540229871
L43C,3.7819540229885082
L43D,4.92965517241381
L43E,4.741954022988505
L43F,3.7379310344827696
L43G,5.563793103448273
L43H,3.578390804597669
L43I,1.4266666666666707
L43K,4.354137931034467
L43L,0.0
L43M,3.110689655172439
L43N,3.682873563218397
L43P,11.060229885057502
L43Q,3.478505747126441
L43R,3.1487356321838824
L43S,5.108390804597673
L43T,3.9219540229884906
L43V,2.407701149425301
L43W,4.065402298850539
L43Y,2.8354022988505756
A44A,0.0
A44C,1.4175862068965484
A44D,1.9597701149425104
A44E,1.5610344827585967
A44F,-0.7194252873563105
A44G,1.576551724137932
A44H,-0.021494252873590712
A44I,1.8402298850574834
A44K,0.8693103448275719
A44L,0.3416091954023096
A44M,0.4668965517241524
A44N,1.083448275862048
A44P,8.142528735632188
A44Q,1.2196551724138052
A44R,0.46206896551725235
A44S,1.408275862068947
A44T,0.8888505747126507
A44V,1.2226436781609131
A44W,-0.6806896551724299
A44Y,-0.4788505747126237
Q45A,-0.12804597701151108
Q45C,0.647931034482726
Q45D,0.08494252873564902
Q45E,-0.4689655172414232
Q45F,-0.3818390804597835
Q45G,0.3964367816091642
Q45H,-0.429310344827627
Q45I,-0.5487356321839343
Q45K,-0.4643678160920021
Q45L,-0.8088505747126608
Q45M,-0.3698850574712729
Q45N,-0.1710344827586141
Q45P,5.379425287356275
Q45Q,0.0
Q45R,-0.7363218390805193
Q45S,0.10022988505746636
Q45T,-0.08160919540234224
Q45V,-0.6104597701149597
Q45W,-0.8521839080460017
Q45Y,-0.35931034482759655
E46A,0.8918390804598372
E46C,2.055402298850595
E46D,0.6709195402298708
E46E,0.0
E46F,0.7839080459770434
E46G,2.330459770114979
E46H,1.0304597701149463
E46I,0.43712643678163504
E46K,1.1498850574712927
E46L,0.17011494252873774
E46M,0.9528735632184259
E46N,1.7243678160919618
E46P,6.701954022988534
E46Q,0.7972413793103489
E46R,1.085747126436837
E46S,2.0790804597701373
E46T,1.128390804597702
E46V,0.8150574712643949
E46W,0.9688505747126799
E46Y,0.5370114942529026
F47A,4.091724137931029
F47C,4.144022988505734
F47D,3.410689655172401
F47E,5.157011494252872
F47F,0.0
F47G,5.106436781609201
F47H,2.2254022988505735
F47I,5.1660919540229555
F47K,4.381149425287354
F47L,3.279540229885023
F47M,2.824827586206899
F47N,3.074482758620669
F47P,10.97908045977008
F47Q,4.405862068965493
F47R,4.155747126436766
F47S,4.803793103448251
F47T,4.734712643678175
F47V,3.8118390804597455
F47W,1.4285057471264235
F47Y,0.9597701149425183
D48A,0.08034482758622791
D48C,0.9829885057471419
D48D,0.0
D48E,0.06160919540230554
D48F,-0.23206896551724202
D48G,0.941264367816114
D48H,-0.30747126436781086
D48I,0.2149425287356719
D48K,-0.02896551724140001
D48L,-0.6221839080459521
D48M,-0.4857471264367946
D48N,0.2679310344827345
D48P,5.802988505747125
D48Q,0.5534482758620752
D48R,-0.509195402298858
D48S,0.12505747126440306
D48T,0.5311494252873672
D48V,0.4955172413793144
D48W,-1.3655172413793228
D48Y,-0.0805747126436676
G49A,1.875977011494256
G49C,1.893678160919543
G49D,1.6787356321839102
G49E,1.735172413793117
G49F,1.541609195402316
G49G,0.0
G49H,1.3851724137930825
G49I,2.29873563218395
G49K,0.4428735632184114
G49L,1.4400000000000155
G49M,1.7601149425287343
G49N,0.8971264367816165
G49P,8.995517241379307
G49Q,0.9340229885057837
G49R,1.354252873563249
G49S,1.6141379310344965
G49T,1.8801149425287194
G49V,2.4468965517241394
G49W,1.8868965517241703
G49Y,1.65206896551726
L50A,1.5867816091954097
L50C,2.0894252873562955
L50D,1.4775862068965409
L50E,1.2475862068965304
L50F,0.7278160919539961
L50G,2.934712643678126
L50H,0.9055172413793022
L50I,1.581149425287314
L50K,0.9065517241378984
L50L,0.0
L50M,1.1800000000000088
L50N,1.4940229885057525
L50P,4.303103448275837
L50Q,1.2047126436781865
L50R,1.0958620689655163
L50S,2.141839080459759
L50T,2.6556321839079984
L50V,1.3462068965516838
L50W,0.7945977011494004
L50Y,0.660919540229872
I51A,3.136436781609173
I51C,3.289540229885022
I51D,5.4554022988505215
I51E,3.886206896551718
I51F,4.156436781609123
I51G,4.652413793103396
I51H,5.909310344827528
I51I,0.0
I51K,6.7647126436781555
I51L,1.1803448275862076
I51M,0.915517241379301
I51N,3.571494252873498
I51P,9.06011494252872
I51Q,2.8736781609194986
I51R,4.2763218390804285
I51S,3.75747126436777
I51T,2.663563218390805
I51V,1.0190804597701133
I51W,3.0760919540229823
I51Y,5.880114942528688
M52A,0.45045977011490135
M52C,1.0128735632183792
M52D,0.32758620689652823
M52E,0.17908045977010104
M52F,-1.2571264367816497
M52G,2.497126436781573
M52H,0.07103448275858745
M52I,-0.7135632183908535
M52K,0.8483908045976587
M52L,-0.24057471264372593
M52M,0.0
M52N,1.1388505747126194
M52P,3.57103448275858
M52Q,0.6229885057471087
M52R,0.3043678160919438
M52S,0.703908045976975
M52T,0.49988505747125667
M52V,-0.35080459770119105
M52W,-0.8833333333333925
M52Y,-1.1837931034483127
V53A,2.60919540229883
V53C,2.8843678160919337
V53D,4.901494252873567
V53E,5.050919540229909
V53F,0.9063218390804587
V53G,5.336436781609211
V53H,3.575862068965519
V53I,1.850574712643681
V53K,3.5255172413792875
V53L,1.3947126436781627
V53M,1.077471264367832
V53N,2.8260919540229743
V53P,4.676896551724173
V53Q,3.530344827586187
V53R,3.852298850574698
V53S,3.106666666666656
V53T,1.610229885057473
V53V,0.0
V53W,2.194482758620701
V53Y,3.8040229885057375
F54A,4.341954022988516
F54C,4.74321839080458
F54D,5.1585057471264655
F54E,5.029885057471277
F54F,0.0
F54G,7.038965517241383
F54H,2.2303448275861935
F54I,4.376436781609214
F54K,4.373218390804587
F54L,1.7181609195402667
F54M,3.1190804597701245
F54N,3.825517241379328
F54P,5.940574712643677
F54Q,4.167011494252878
F54R,3.2505747126437012
F54S,5.519885057471254
F54T,4.451494252873545
F54V,2.995402298850595
F54W,-0.5916091954023175
F54Y,0.39494252873564933
E55A,0.8542528735631941
E55C,0.35402298850573877
E55D,1.240804597701158
E55E,0.0
E55F,-3.0421839080460016
E55G,2.8232183908045863
E55H,-0.894942528735665
E55I,-2.4703448275862416
E55K,1.155517241379271
E55L,-1.7243678160919618
E55M,-0.6971264367816417
E55N,0.13114942528733897
E55P,4.185057471264325
E55Q,0.9672413793103276
E55R,0.45402298850572625
E55S,1.283678160919541
E55T,0.03333333333330302
E55V,-1.6906896551724206
E55W,-0.9824137931034643
E55Y,-1.1675862068965406
L56A,3.0471264367816606
L56C,2.6531034482758877
L56D,3.930804597701173
L56E,3.9322988505747274
L56F,1.289080459770158
L56G,5.8651724137931085
L56H,1.7271264367815908
L56I,0.09896551724139123
L56K,4.630000000000007
L56L,0.0
L56M,1.7858620689655473
L56N,2.5842528735632517
L56P,6.356781609195439
L56Q,2.698850574712659
L56R,6.333103448275857
L56S,3.8564367816092004
L56T,2.8489655172413992
L56V,1.2981609195402801
L56W,10.802988505747164
L56Y,2.2860919540230027
D57A,1.4301149425287365
D57C,1.7044827586207232
D57D,0.0
D57E,0.8971264367816557
D57F,0.19195402298852718
D57G,2.9286206896552294
D57H,1.0354022988506053
D57I,0.17735632183910732
D57K,1.4678160919540209
D57L,0.6357471264367758
D57M,1.210114942528764
D57N,0.03781609195404348
D57P,2.6406896551724586
D57Q,1.27643678160925
D57R,1.3327586206896975
D57S,1.8755172413793373
D57T,1.458045977011501
D57V,0.32413793103450156
D57W,0.06747126436784097
D57Y,0.36241379310350286
T58A,0.7736781609195658
T58C,0.44011494252878225
T58D,1.2032183908045933
T58E,1.7228735632184078
T58F,-0.3413793103448307
T58G,2.4188505747126547
T58H,1.3917241379310545
T58I,-1.2811494252873517
T58K,0.6268965517241715
T58L,0.013333333333344728
T58M,0.24459770114943022
T58N,0.3834482758620574
T58P,4.5542528735632
T58Q,0.989080459770117
T58R,0.41206896551725863
T58S,1.4533333333333602
T58T,0.0
T58V,-1.0947126436781218
T58W,-0.9083908045976512
T58Y,0.7762068965517552
N59A,0.46724137931039034
N59C,0.9997701149425525
N59D,0.5017241379310486
N59E,0.23919540229885256
N59F,-0.41839080459767347
N59G,0.7370114942528776
N59H,-0.3059770114942569
N59I,0.9282758620690073
N59K,0.529655172413774
N59L,-0.4793103448275815
N59M,0.28137931034483826
N59N,0.0
N59P,3.4455172413793367
N59Q,0.30643678160921467
N59R,-0.5934482758620703
N59S,0.3572413793103649
N59T,0.12390804597704777
N59V,0.6091954022988454
N59W,-0.23839080459769604
N59Y,-0.02390804597698191
K60A,0.9605747126437141
K60C,1.3675862068965545
K60D,1.5229885057471526
K60E,0.7581609195401912
K60F,0.21528735632183146
K60G,1.5840229885057022
K60H,0.4920689655172486
K60I,0.2621839080459581
K60K,0.0
K60L,0.07241379310342162
K60M,0.25965517241380787
K60N,1.0633333333333306
K60P,4.717241379310367
K60Q,0.4274712643677958
K60R,0.3064367816091754
K60S,1.3917241379310155
K60T,0.6694252873563168
K60V,0.009080459770122366
K60W,-1.723908045977043
K60Y,0.09206896551725957
A61A,0.0
A61C,0.5832183908046318
A61D,1.7618390804597672
A61E,1.013103448275858
A61F,-2.6698850574712587
A61G,1.5444827586207042
A61H,-1.2529885057471082
A61I,-1.5681609195402464
A61K,0.5401149425287305
A61L,-2.3505747126436964
A61M,-0.6618390804597484
A61N,-0.3281609195402059
A61P,6.202643678160916
A61Q,0.5618390804597609
A61R,-0.5601149425287281
A61S,0.8224137931034452
A61T,0.3827586206896599
A61V,-0.7006896551724273
A61W,-2.2475862068965617
A61Y,-2.5150574712643383
P62A,-0.2421839080459606
P62C,0.880344827586206
P62D,0.03724137931040505
P62E,-0.18057471264365507
P62F,-0.34218390804590887
P62G,0.7866666666666725
P62H,-0.03747126436780553
P62I,-0.0957471264367651
P62K,0.04701149425288569
P62L,-0.14459770114940354
P62M,-0.06080459770114901
P62N,0.6733333333333403
P62P,0.0
P62Q,0.65160919540231
P62R,-0.31344827586206614
P62S,-0.005862068965535432
P62T,0.41275862068965613
P62V,0.009195402298842211
P62W,-1.1635632183907578
P62Y,-0.42126436781606164
E63A,0.9886206896551201
E63C,1.633793103448217
E63D,0.003333333333267578
E63E,0.0
E63F,1.2185057471263714
E63G,2.0893103448275365
E63H,1.2488505747126055
E63I,0.5043678160919187
E63K,1.0449425287356071
E63L,0.6131034482757906
E63M,1.0212643678160649
E63N,1.1386206896551012
E63P,2.680804597701095
E63Q,0.8893103448275301
E63R,1.147586206896543
E63S,1.126436781609151
E63T,1.3240229885056956
E63V,0.6647126436781365
E63W,1.214367816091908
E63Y,1.214482758620667
I64A,3.8068965517241256
I64C,3.841264367816103
I64D,4.483103448275854
I64E,5.068045977011479
I64F,3.7333333333333094
I64G,5.6171264367816125
I64H,3.7612643678161133
I64I,0.0
I64K,6.816436781609182
I64L,0.78735632183907
I64M,2.994712643678158
I64N,2.9486206896551486
I64P,7.7981609195402095
I64Q,3.084942528735626
I64R,6.298275862068961
I64S,4.69505747126434
I64T,3.018850574712658
I64V,0.6947126436781328
I64W,10.295172413793063
I64Y,5.107011494252879
A65A,0.0
A65C,2.133563218390793
A65D,4.540804597701136
A65E,2.955057471264362
A65F,11.341149425287306
A65G,2.2370114942528856
A65H,11.547701149425292
A65I,2.4728735632183922
A65K,1.4785057471264171
A65L,3.501494252873546
A65M,1.6098850574712351
A65N,1.912413793103426
A65P,3.393448275862072
A65Q,2.7358620689655457
A65R,1.5344827586206662
A65S,1.6228735632184201
A65T,2.4544827586206686
A65V,0.5922988505747542
A65W,12.005747126436761
A65Y,16.159885057471254
K66A,-0.07965517241383042
K66C,0.8756321839080258
K66D,0.5405747126436883
K66E,0.08758620689655831
K66F,0.08609195402296509
K66G,0.667241379310326
K66H,-0.07931034482759249
K66I,-0.10126436781614098
K66K,0.0
K66L,-0.22942528735633272
K66M,0.5004597701149343
K66N,0.06747126436780178
K66P,8.69931034482757
K66Q,0.3758620689655282
K66R,0.124942528735644
K66S,0.3941379310344536
K66T,-0.014137931034501262
K66V,0.057356321839043975
K66W,-0.37551724137929027
K66Y,0.12298850574709298
K67A,0.12091954022990054
K67C,0.6459770114942927
K67D,1.2155172413793418
K67E,-0.26275862068963574
K67F,-0.4427586206896524
K67G,2.0229885057470898
K67H,-0.17528735632179726
K67I,-0.8605747126436482
K67K,0.0
K67L,-1.2194252873563263
K67M,-0.6504597701149547
K67N,0.6568965517241285
K67P,4.7018390804597905
K67Q,0.032758620689664585
K67R,-0.6239080459770243
K67S,1.235632183908059
K67T,-0.058390804597679404
K67V,-0.032758620689664585
K67W,-0.17183908045977064
K67Y,-0.7020689655172615
Y68A,2.002183908045975
Y68C,2.1048275862069112
Y68D,2.037701149425269
Y68E,2.113908045977033
Y68F,3.974482758620713
Y68G,3.7328735632184302
Y68H,1.0502298850574647
Y68I,1.367126436781636
Y68K,4.12528735632185
Y68L,1.8577011494252913
Y68M,1.0942528735632424
Y68N,1.4811494252873265
Y68P,6.6465517241379235
Y68Q,2.4447126436781486
Y68R,2.5726436781609396
Y68S,3.074367816091949
Y68T,2.620114942528744
Y68V,1.5802298850574767
Y68W,-0.9816091954022685
Y68Y,0.0
N69A,1.078735632183907
N69C,1.3678160919540334
N69D,0.6251724137930994
N69E,0.4601149425287406
N69F,0.8260919540229898
N69G,0.5539080459769938
N69H,0.33873563218392144
N69I,2.457126436781617
N69K,0.40999999999998776
N69L,0.9029885057471128
N69M,0.8508045977011676
N69N,0.0
N69P,4.949655172413808
N69Q,0.6117241379310349
N69R,0.2737931034482699
N69S,1.1216091954022902
N69T,1.7691954022988174
N69V,1.7682758620689802
N69W,-0.026666666666650254
N69Y,0.8864367816091812
I70A,2.685517241379275
I70C,2.911149425287343
I70D,4.352528735632154
I70E,5.020689655172395
I70F,4.9259770114942265
I70G,4.9890804597700855
I70H,3.253678160919529
I70I,0.0
I70K,5.10413793103449
I70L,1.3412643678161031
I70M,2.7441379310344334
I70N,2.8865517241379246
I70P,8.304827586206839
I70Q,2.818505747126406
I70R,3.935862068965513
I70S,3.955057471264354
I70T,2.8944827586206916
I70V,0.6890804597700763
I70W,4.905057471264352
I70Y,4.502528735632174
T71A,1.3548275862069268
T71C,1.6527586206896574
T71D,0.7537931034482881
T71E,0.691379310344826
T71F,-0.3589655172413586
T71G,1.970344827586226
T71H,0.2279310344827787
T71I,0.49793103448278403
T71K,0.6279310344827678
T71L,0.04620689655172916
T71M,0.5906896551724411
T71N,0.5534482758620752
T71P,1.8928735632183864
T71Q,0.5903448275862031
T71R,0.2520689655172395
T71S,0.7096551724137906
T71T,0.0
T71V,0.4582758620689878
T71W,-0.2424137931034395
T71Y,-0.05655172413792665
T72A,0.2648275862069066
T72C,0.7786206896551856
T72D,0.2375862068965787
T72E,0.04965517241379499
T72F,-0.5524137931034399
T72G,1.0482758620689923
T72H,-0.36655172413792697
T72I,-0.44080459770114055
T72K,0.13344827586208874
T72L,-0.16999999999997867
T72M,-0.046206896551689955
T72N,0.7255172413793248
T72P,3.1331034482758664
T72Q,0.7103448275862273
T72R,-0.27770114942529356
T72S,0.24344827586207493
T72T,0.0
T72V,-0.2805747126436817
T72W,0.22034482758621035
T72Y,-0.7531034482758514
T73A,0.40655172413792195
T73C,0.3545977011494164
T73D,2.5936781609195334
T73E,1.5694252873563215
T73F,-0.03942528735631735
T73G,2.077931034482743
T73H,-0.18942528735633773
T73I,-0.9388505747126444
T73K,1.4604597701149316
T73L,-0.24758620689653824
T73M,0.45287356321837097
T73N,0.8622988505746811
T73P,2.869655172413755
T73Q,0.7196551724137894
T73R,1.4121839080459706
T73S,1.7388505747126617
T73T,0.0
T73V,-0.7596551724137843
T73W,-0.36862068965515865
T73Y,0.0489655172413975
P74A,0.8460919540229874
P74C,1.7696551724137752
P74D,3.084482758620707
P74E,5.157816091954029
P74F,8.55137931034482
P74G,2.8973563218390797
P74H,9.533448275862046
P74I,3.3545977011494323
P74K,9.134712643678133
P74L,4.186321839080439
P74M,4.0226436781609145
P74N,2.1025287356321614
P74P,0.0
P74Q,5.258735632183932
P74R,8.43540229885058
P74S,2.021379310344816
P74T,2.188160919540247
P74V,0.6926436781609404
P74W,10.828390804597701
P74Y,8.622183908045969
T75A,0.06965517241379247
T75C,0.6771264367816441
T75D,1.7508045977011724
T75E,1.3064367816092068
T75F,-0.5040229885057199
T75G,2.8814942528735847
T75H,0.9537931034483023
T75I,-0.5459770114942267
T75K,1.76586206896555
T75L,-0.9250574712643811
T75M,-0.05804597701148066
T75N,0.6539080459770205
T75P,9.304367816091991
T75Q,0.39885057471267293
T75R,1.2603448275861975
T75S,1.4593103448276155
T75T,0.0
T75V,-0.5687356321838926
T75W,0.06942528735635278
T75Y,3.992988505747117
V76A,3.4285057471264078
V76C,3.337586206896582
V76D,4.575172413793114
V76E,5.959770114942518
V76F,3.569080459770107
V76G,6.104137931034482
V76H,4.2429885057471255
V76I,0.556781609195382
V76K,7.452183908045958
V76L,2.388045977011502
V76M,3.2150574712643682
V76N,3.1509195402298733
V76P,6.540114942528762
V76Q,4.535632183908037
V76R,5.572758620689675
V76S,4.097011494252888
V76T,2.45896551724137
V76V,0.0
V76W,6.30080459770115
V76Y,5.806321839080471
A77A,0.0
A77C,0.2506896551724445
A77D,2.4558620689655024
A77E,3.346896551724144
A77F,2.0019540229885355
A77G,2.694137931034518
A77H,2.8450574712644148
A77I,1.1160919540229928
A77K,3.0245977011494345
A77L,0.19172413793104828
A77M,1.2264367816092168
A77N,1.054712643678166
A77P,3.7711494252873923
A77Q,1.3859770114942782
A77R,1.5063218390804618
A77S,1.325287356321849
A77T,0.7665517241379552
A77V,-0.8763218390804233
A77W,5.130114942528743
A77Y,2.6489655172414244
F78A,5.449540229885065
F78C,5.148735632183906
F78D,6.167126436781622
F78E,6.030229885057468
F78F,0.0
F78G,6.814252873563191
F78H,2.591724137931022
F78I,3.0452873563218295
F78K,6.971839080459741
F78L,2.312988505747132
F78M,2.748390804597695
F78N,4.34126436781608
F78P,8.854482758620689
F78Q,4.678160919540209
F78R,5.5579310344827375
F78S,6.09034482758618
F78T,5.917701149425292
F78V,3.3924137931034366
F78W,1.8975862068965665
F78Y,1.0026436781609014
F79A,4.232413793103449
F79C,4.621609195402282
F79D,5.548045977011498
F79E,4.6956321839080175
F79F,0.0
F79G,6.6013793103448295
F79H,3.667011494252902
F79I,2.013793103448248
F79K,6.934252873563215
F79L,1.3866666666666756
F79M,2.3568965517241507
F79N,4.417816091954004
F79P,7.8098850574712415
F79Q,4.106666666666648
F79R,5.810459770114935
F79S,5.523448275862079
F79T,5.107126436781638
F79V,3.3862068965517023
F79W,1.11195402298849
F79Y,0.7489655172413882
K80A,0.542988505747158
K80C,1.2818390804597883
K80D,1.3297701149425503
K80E,1.1213793103448506
K80F,-0.24471264367815004
K80G,2.7731034482758723
K80H,0.32390804597702266
K80I,0.1247126436781651
K80K,0.0
K80L,-0.1724137931034483
K80M,0.46183908045977345
K80N,1.089885057471261
K80P,5.511954022988526
K80Q,0.5214942528736064
K80R,0.15666666666671236
K80S,1.0256321839080855
K80T,1.0883908045977462
K80V,0.3721839080460227
K80W,-0.4224137931034561
K80Y,-0.15643678160919425
N81A,1.197471264367856
N81C,1.7388505747126617
N81D,0.19540229885055382
N81E,0.8344827586207147
N81F,1.25218390804603
N81G,0.7328735632184142
N81H,0.5327586206896803
N81I,2.5782758620689963
N81K,0.7668965517241539
N81L,1.0057471264368079
N81M,0.6587356321839597
N81N,0.0
N81P,4.132643678160941
N81Q,1.3327586206896584
N81R,0.7850574712643594
N81S,1.1237931034482809
N81T,2.2383908045977194
N81V,1.9298850574712734
N81W,0.5385057471264567
N81Y,0.8000000000000564
G82A,4.389195402298881
G82C,3.289655172413859
G82D,3.98229885057476
G82E,3.52436781609201
G82F,2.7349425287356697
G82G,0.0
G82H,2.9505747126436996
G82I,3.6693103448276125
G82K,2.852413793103504
G82L,3.563103448275891
G82M,3.537471264367876
G82N,2.896091954023005
G82P,13.287701149425308
G82Q,3.331149425287408
G82R,3.1628735632183838
G82S,2.9060919540230032
G82T,3.297126436781629
G82V,3.9044827586207216
G82W,2.4580459770114933
G82Y,3.1039080459770663
E83A,0.5310344827586082
E83C,1.095287356321878
E83D,-0.4639080459770443
E83E,0.0
E83F,0.2843678160919463
E83G,1.0819540229884939
E83H,0.2547126436781488
E83I,0.46160919540229456
E83K,0.732873563218375
E83L,0.6266666666666534
E83M,0.7749425287356408
E83N,-0.4117241379310599
E83P,3.225632183908045
E83Q,0.6060919540229783
E83R,0.19689655172414702
E83S,0.45333333333332876
E83T,0.29195402298847545
E83V,0.06528735632185027
E83W,0.564942528735628
E83Y,0.2983908045976885
V84A,2.3696551724137787
V84C,2.464252873563188
V84D,4.29770114942526
V84E,3.67505747126435
V84F,5.763448275862049
V84G,4.497241379310355
V84H,3.75241379310347
V84I,0.5313793103448069
V84K,3.013448275862041
V84L,1.1128735632183666
V84M,2.175057471264381
V84N,2.6510344827585777
V84P,2.9326436781608947
V84Q,1.9994252873563068
V84R,2.4494252873562896
V84S,3.3428735632183613
V84T,2.156896551724097
V84V,0.0
V84W,1.5435632183907886
V84Y,2.147126436781577
K85A,1.0443678160919685
K85C,1.1097701149425387
K85D,1.338045977011516
K85E,0.6126436781609111
K85F,0.1960919540229905
K85G,1.6454022988505679
K85H,0.1721839080459694
K85I,-0.1905747126436538
K85K,0.0
K85L,-0.24540229885054754
K85M,0.06310344827585956
K85N,0.746206896551759
K85P,5.316551724137933
K85Q,0.880344827586206
K85R,0.3386206896551624
K85S,1.2266666666666566
K85T,0.361839080459786
K85V,-0.07183908045978318
K85W,-0.535977011494228
K85Y,0.25264367816091715
S86A,0.40344827586205484
S86C,0.7928735632184067
S86D,0.9388505747126444
S86E,0.848160919540219
S86F,0.8696551724138097
S86G,1.2265517241379367
S86H,0.21045977011493144
S86I,0.8902298850574457
S86K,1.0912643678160951
S86L,0.5643678160919504
S86M,1.0171264367816015
S86N,0.4858620689655144
S86P,6.390114942528703
S86Q,0.8154022988505937
S86R,0.5308045977011293
S86S,0.0
S86T,0.35632183908044934
S86V,0.5179310344827424
S86W,0.7680459770115092
S86Y,1.2893103448275975
V87A,1.0378160919539965
V87C,1.2441379310344647
V87D,2.3379310344827493
V87E,1.680459770114943
V87F,0.5604597701149268
V87G,3.031839080459765
V87H,1.2175862068965735
V87I,0.0042528735631831615
V87K,0.24229885057471964
V87L,-0.6368965517241703
V87M,-0.297701149425291
V87N,1.0143678160919722
V87P,4.592643678160922
V87Q,-0.03770114942528443
V87R,-0.062068965517224135
V87S,1.6559770114942443
V87T,0.6310344827586348
V87V,0.0
V87W,0.43988505747122497
V87Y,0.7198850574712683
L88A,2.4112643678160866
L88C,2.267816091953999
L88D,2.734137931034513
L88E,3.041724137931083
L88F,2.1506896551724415
L88G,4.664712643678183
L88H,2.747931034482776
L88I,2.767471264367816
L88K,2.2880459770115147
L88L,0.0
L88M,1.4981609195402552
L88N,2.3112643678161384
L88P,4.061379310344835
L88Q,2.5025287356321897
L88R,1.5457471264368186
L88S,3.3729885057471165
L88T,2.5749425287356504
L88V,0.6811494252873876
L88W,1.9663218390804826
L88Y,1.9780459770115142
I89A,1.6147126436781742
I89C,1.4127586206896483
I89D,2.52425287356322
I89E,1.3772413793103546
I89F,1.0255172413793263
I89G,3.041724137931044
I89H,1.581379310344832
I89I,0.0
I89K,1.1956321839081032
I89L,0.4089655172413916
I89M,0.49448275862067903
I89N,2.088390804597699
I89P,2.36931034482758
I89Q,0.6849425287356522
I89R,0.7117241379310615
I89S,1.7310344827586144
I89T,0.8034482758620831
I89V,0.3317241379310307
I89W,0.3002298850574805
I89Y,0.7562068965517185
G90A,2.6673563218390304
G90C,3.1472413793103287
G90D,2.9686206896551464
G90E,2.9412643678160593
G90F,2.2703448275861886
G90G,0.0
G90H,1.5642528735631835
G90I,4.393678160919504
G90K,2.723908045976996
G90L,2.285057471264367
G90M,3.04264367816092
G90N,2.4352873563218274
G90P,18.898850574712608
G90Q,3.740114942528721
G90R,1.5389655172413674
G90S,2.32574712643676
G90T,3.355862068965507
G90V,5.277931034482773
G90W,1.5809195402298741
G90Y,1.4929885057471173
A91A,0.0
A91C,0.9360919540229761
A91D,-0.6059770114942584
A91E,0.5866666666666585
A91F,1.249999999999961
A91G,1.1629885057471194
A91H,0.32436781609194126
A91I,1.5262068965517004
A91K,0.8480459770114992
A91L,-0.6150574712643808
A91M,0.6448275862068982
A91N,-0.002183908045990706
A91P,0.3702298850574717
A91Q,1.277011494252849
A91R,0.9420689655172706
A91S,1.1559770114942678
A91T,1.2597701149425198
A91V,0.9372413793103314
A91W,0.11873563218390983
A91Y,0.19816091954022216
I92A,1.9565517241379236
I92C,2.2112643678161117
I92D,4.369195402298844
I92E,3.289655172413781
I92F,2.7310344827586457
I92G,4.526896551724113
I92H,2.299885057471266
I92I,0.0
I92K,2.691724137931048
I92L,0.5729885057471149
I92M,0.636781609195372
I92N,2.1995402298850797
I92P,5.745287356321804
I92Q,2.0720689655172464
I92R,2.5395402298850374
I92S,2.7489655172413725
I92T,2.2190804597701197
I92V,0.2559770114942239
I92W,2.0175862068965515
I92Y,3.017816091954062
P93A,0.2936781609195084
P93C,1.1971264367815788
P93D,0.08436781609193218
P93E,-0.2506896551724445
P93F,1.0095402298850331
P93G,0.9366666666666538
P93H,-0.8606896551724464
P93I,0.34264367816086666
P93K,0.6166666666666155
P93L,0.3888505747125958
P93M,-0.09160919540234098
P93N,0.38540229885052996
P93P,0.0
P93Q,0.8249425287355954
P93R,0.6940229885056961
P93S,0.17643678160915255
P93T,0.2640229885057109
P93V,0.3142528735631835
P93W,0.9113793103448377
P93Y,0.939310344827563
K94A,0.09942528735634902
K94C,1.5211494252873998
K94D,0.3605747126437109
K94E,0.17816091954026386
K94F,-0.6359770114942155
K94G,1.5957471264368122
K94H,0.48206896551728906
K94I,0.26540229885062344
K94K,0.0
K94L,-0.10655172413792037
K94M,0.5642528735632305
K94N,1.4867816091954222
K94P,1.1186206896551822
K94Q,0.6105747126437188
K94R,0.11114942528738068
K94S,0.7301149425287459
K94T,0.6533333333333821
K94V,0.17620689655179125
K94W,-0.327931034482727
K94Y,0.027816091954044733
D95A,0.11425287356324777
D95C,1.1467816091954257
D95D,0.0
D95E,-0.5419540229884833
D95F,-0.7542528735632067
D95G,0.8842528735632296
D95H,-0.9870114942528462
D95I,-0.02310344827586458
D95K,-0.6303448275861981
D95L,-0.16609195402295507
D95M,-0.4628735632183697
D95N,0.009655172413800003
D95P,0.9422988505747495
D95Q,0.04264367816090428
D95R,0.03862068965520001
D95S,-0.5729885057471149
D95T,-0.3297701149425189
D95V,0.245057471264388
D95W,-1.0588505747125903
D95Y,-0.36482758620685485
Q96A,-0.5025287356322051
Q96C,0.6035632183907889
Q96D,-0.5704597701150039
Q96E,-0.6833333333333783
Q96F,-0.2509195402299234
Q96G,0.8333333333333203
Q96H,-0.5436781609195946
Q96I,-0.7164367816092024
Q96K,-0.05149425287358695
Q96L,-0.6186206896552057
Q96M,-0.8587356321839347
Q96N,-0.2472413793103787
Q96P,3.3341379310344377
Q96Q,0.0
Q96R,-0.4221839080459772
Q96S,0.13735632183907315
Q96T,-0.06839080459775655
Q96V,-0.7488505747126682
Q96W,0.21160919540228673
Q96Y,-0.2543678160919501
L97A,2.951609195402296
L97C,3.276321839080475
L97D,4.203333333333329
L97E,3.289310344827582
L97F,-0.28229885057467546
L97G,5.011609195402312
L97H,1.7265517241379524
L97I,0.14310344827584953
L97K,4.483793103448251
L97L,0.0
L97M,0.7610344827586185
L97N,2.6017241379310203
L97P,7.809425287356323
L97Q,2.0325287356322095
L97R,3.0562068965517044
L97S,4.0778160919540465
L97T,3.143333333333344
L97V,1.4598850574712539
L97W,5.670344827586193
L97Y,1.0318390804597803
R98A,0.88666666666666
R98C,1.8410344827586007
R98D,2.4414942528735226
R98E,1.405747126436797
R98F,0.5670114942528205
R98G,2.6956321839080326
R98H,0.7219540229884607
R98I,1.5194252873562886
R98K,0.390689655172427
R98L,0.2448275862068699
R98M,0.6252873563218192
R98N,1.9867816091953987
R98P,10.768620689655187
R98Q,1.5273563218390949
R98R,0.0
R98S,1.6831034482758132
R98T,1.097701149425269
R98V,1.5204597701149631
R98W,-0.17528735632187567
R98Y,0.9790804597700791
D99A,-0.8142528735631992
D99C,0.2481609195402551
D99D,0.0
D99E,-0.468850574712625
D99F,-0.3342528735632202
D99G,0.20390804597703774
D99H,-0.7903448275861781
D99I,-0.7762068965516769
D99K,-0.542528735632161
D99L,-0.9594252873562804
D99M,-0.45459770114940384
D99N,-0.3902298850574692
D99P,7.085977011494269
D99Q,-0.09632183908044273
D99R,-0.8025287356321675
D99S,-0.09206896551722037
D99T,-0.6854022988505316
D99V,-0.6587356321839205
D99W,-1.003333333333299
D99Y,-0.25988505747124757
E100A,-0.07954022988499297
E100C,0.8265517241379476
E100D,1.389770114942582
E100E,0.0
E100F,-0.6642528735631787
E100G,2.159310344827606
E100H,-0.08977011494250982
E100I,0.2052873563219111
E100K,0.9108045977011993
E100L,-1.0541379310344492
E100M,-0.0024137931034303997
E100N,0.9917241379310655
E100P,5.602528735632193
E100Q,-0.2925287356321531
E100R,0.6610344827586703
E100S,1.1970114942528982
E100T,0.7760919540230353
E100V,0.08172413793106208
E100W,0.6371264367816492
E100Y,-0.4327586206896144
I101A,3.1325287356321887
I101C,3.500919540229908
I101D,4.542413793103449
I101E,4.523218390804608
I101F,4.554597701149477
I101G,5.511954022988526
I101H,3.916206896551714
I101I,0.0
I101K,7.178735632183965
I101L,0.24034482758620784
I101M,2.302298850574736
I101N,3.090459770114962
I101P,9.865977011494312
I101Q,3.729655172413804
I101R,5.085057471264369
I101S,4.354137931034467
I101T,2.811264367816115
I101V,1.2181609195402903
I101W,6.807816091954057
I101Y,5.481149425287374
L102A,1.4091954022988626
L102C,1.8475862068965727
L102D,1.6608045977011443
L102E,0.9914942528735866
L102F,1.4762068965517459
L102G,2.4257471264367867
L102H,1.6443678160919326
L102I,0.5248275862069132
L102K,1.616551724137966
L102L,0.0
L102M,1.3350574712643688
L102N,1.603793103448299
L102P,7.268045977011517
L102Q,1.5682758620689663
L102R,1.221494252873597
L102S,2.1755172413793
L102T,1.7271264367816301
L102V,0.8381609195402595
L102W,1.2450574712643803
L102Y,1.5693103448276016
K103A,0.7372413793103173
K103C,1.802068965517241
K103D,1.2326436781608727
K103E,0.9100000000000035
K103F,0.9513793103447934
K103G,1.6632183908045748
K103H,0.7262068965517223
K103I,0.1767816091953905
K103K,0.0
K103L,0.22655172413794453
K103M,0.8431034482758794
K103N,0.9696551724137972
K103P,6.773908045976998
K103Q,1.2905747126436726
K103R,0.43137931034481947
K103S,1.2235632183907894
K103T,0.7886206896551452
K103V,0.5758620689655032
K103W,0.05551724137929122
K103Y,1.0002298850575102
Y104A,1.4909195402298856
Y104C,2.007126436781595
Y104D,2.196091954022975
Y104E,2.441264367816083
Y104F,-0.22080459770112895
Y104G,2.9972413793103474
Y104H,1.0777011494253108
Y104I,1.1498850574712536
Y104K,2.740459770114928
Y104L,-0.07390804597701484
Y104M,0.886896551724139
Y104N,1.6810344827586208
Y104P,7.916436781609201
Y104Q,1.599080459770119
Y104R,1.9336781609194986
Y104S,2.4962068965517354
Y104T,2.3090804597701085
Y104V,1.0342528735632108
Y104W,0.10367816091953218
Y104Y,0.0
L105A,2.8540229885057387
L105C,2.752758620689676
L105D,3.7735632183908225
L105E,3.0735632183907926
L105F,2.7821839080459947
L105G,4.212298850574731
L105H,2.311149425287379
L105I,0.7481609195402316
L105K,3.373678160919553
L105L,0.0
L105M,2.757931034482775
L105N,2.728965517241375
L105P,7.027931034482788
L105Q,2.847356321839125
L105R,3.018850574712658
L105S,3.778735632183882
L105T,2.4680459770115313
L105V,0.7663218390804764
L105W,0.9714942528735891
L105Y,1.6786206896551903
G106A,-0.05770114942528192
G106C,0.3057471264368172
G106D,-0.38965517241379155
G106E,0.09954022988506887
G106F,-0.6783908045976801
G106G,0.0
G106H,-1.0314942528735425
G106I,-0.6170114942528926
G106K,-0.19114942528733145
G106L,-0.5990804597700876
G106M,-0.6345977011494205
G106N,-0.8801149425287271
G106P,3.1943678160919733
G106Q,0.06747126436784097
G106R,-1.0520689655172175
G106S,-0.6143678160919441
G106T,-0.3235632183907847
G106V,-0.19839080459770106
G106W,-0.22183908045976436
G106Y,-0.44827586206894987
