three,one,MW,lambdas,sigmas,q,HPS,AVG,M1,M2,M3,HPSUrry
ARG,R,156.19,0.7249915947715212,0.6559999999999999,1,0.0,0.15828378983267646,0.7249915947715212,0.8139478491230879,0.7233336788001705,0.478824
ASP,D,115.09,0.029182123776349763,0.5579999999999999,-1,0.3783780000000001,0.20745581359023074,0.029182123776349763,0.07319166542876482,0.0017064814455200435,0.214119
ASN,N,114.1,0.4383272997027284,0.568,0,0.432432,0.2648094725518512,0.4383272997027284,0.05817896947667287,0.15961221955902588,0.508236
GLU,E,129.11,0.006100281608649786,0.5920000000000001,-1,0.459459,0.2217395833987198,0.006100281608649786,0.004210719116795353,0.02245001419086469,-0.08
LYS,K,128.17,0.058617173158697924,0.636,1,0.513514,0.185142652223168,0.058617173158697924,0.1804654042874216,0.09480781007104556,0.302354
HIS,H,137.14,0.4651948082346978,0.608,0,0.513514,0.4091773173841245,0.4651948082346978,0.5112064893655671,0.4869673179041785,0.6847070000000001
GLN,Q,128.13,0.3268188050525212,0.602,0,0.513514,0.2546409647377888,0.3268188050525212,0.43465111180191496,0.4678384204434359,0.478824
SER,S,87.08,0.4648570130065605,0.518,0,0.594595,0.3724420532022378,0.4648570130065605,0.4771931961738601,0.4872252949064663,0.508236
CYS,C,103.14,0.610362354303913,0.5479999999999999,0,0.594595,0.7691022568781251,0.610362354303913,0.8476010022659771,0.3998242231879579,0.56706
GLY,G,57.05,0.7012713677972457,0.45,0,0.648649,0.4573157523150714,0.7012713677972457,0.7898753832308975,0.7841272883237429,0.49353
THR,T,101.11,0.5379777613307019,0.562,0,0.675676,0.425460314794368,0.5379777613307019,0.2311010547851287,0.2737417379221325,0.508236
ALA,A,71.07,0.0011162643859539204,0.504,0,0.72973,0.5331954367893412,0.0011162643859539204,0.005496193400586775,0.003075297946629835,0.522942
MET,M,131.2,0.7458993420826714,0.618,0,0.837838,0.7255656169493685,0.7458993420826714,0.7584982012796189,0.9928888134210476,0.5964710000000001
TYR,Y,163.18,0.9950108229594324,0.6459999999999999,0,0.864865,0.6030785547901372,0.9950108229594324,0.9968266199553214,0.9844421086907352,0.8170590000000001
VAL,V,99.13,0.4185006852559869,0.5860000000000001,0,0.891892,0.779702742260211,0.4185006852559869,0.40497190348858,0.4277711495552996,0.5847070000000001
TRP,W,186.22,0.9844235478393932,0.6779999999999999,0,0.945946,0.7651285799833695,0.9844235478393932,0.9108322527428976,0.7527633945135604,0.92
LEU,L,113.16,0.5563020305733198,0.618,0,0.972973,0.8027772271971897,0.5563020305733198,0.5599323165062088,0.3351707808207292,0.6405890000000001
ILE,I,113.16,0.6075268330845265,0.618,0,0.972973,0.8626948823000551,0.6075268330845265,0.4009209848549813,0.6867378046647922,0.6258830000000001
PRO,P,97.12,0.3729641853599348,0.5559999999999999,0,1.0,0.4372146456599944,0.3729641853599348,0.37240212233274794,0.4706966794383927,0.6788240000000001
PHE,F,147.18,0.9216959832175944,0.636,0,1.0,0.8206231056308636,0.9216959832175944,0.902826758592037,0.8709039993095197,0.74353
