three,one,MW,lambdas,sigmas,q,HPS,M1,lambdas_0,lambdas_1,lambdas_2,lambdas_3,lambdas_4,lambdas_5,lambdas_6
ARG,R,156.19,0.7521546901952769,0.6559999999999999,1,0.0,0.7249915947715212,0.5,0.6714453010928267,0.6927734847379987,0.7441608794881389,0.7307624767517166,0.7609115779915787,0.7521546901952769
ASP,D,115.09,0.03121328151064043,0.5579999999999999,-1,0.3783780000000001,0.0291821237763497,0.5,0.2861731740749431,0.0749028262576477,0.0303949677392962,0.0416040480605567,0.042685868669025,0.03121328151064043
ASN,N,114.1,0.44542000980988833,0.568,0,0.432432,0.4383272997027284,0.5,0.7087977516707846,0.5583336276397964,0.465119723576993,0.4255859009787713,0.4512502579019357,0.44542000980988833
GLU,E,129.11,0.0043005447852441404,0.5920000000000001,-1,0.459459,0.0061002816086497,0.5,0.2470027073217619,0.0043809903475511,0.0007771895693029,0.0006935460962935,0.001448888047175,0.0043005447852441404
LYS,K,128.17,0.18117211937592936,0.636,1,0.513514,0.0586171731586979,0.5,0.5027621578517218,0.2791324220974558,0.1918999542800974,0.1790211738990582,0.1812230245728252,0.18117211937592936
HIS,H,137.14,0.4250704219589216,0.608,0,0.513514,0.4651948082346978,0.5,0.4928109608345308,0.403690600697639,0.433491413465974,0.4663667290557992,0.4794534545334821,0.4250704219589216
GLN,Q,128.13,0.4362200191374213,0.602,0,0.513514,0.3268188050525212,0.5,0.4723142876824968,0.3865725177273334,0.5260389813236467,0.3934318551056041,0.4181211597286774,0.4362200191374213
SER,S,87.08,0.5201785078296101,0.518,0,0.594595,0.4648570130065605,0.5,0.62060954156197,0.548424732774836,0.4808516092886845,0.4625416811611541,0.4808011996427002,0.5201785078296101
CYS,C,103.14,0.6032495040709636,0.5479999999999999,0,0.594595,0.610362354303913,0.5,0.6121758627581431,0.5243850099610697,0.561459490392252,0.5615435099141777,0.5912895958411313,0.6032495040709636
GLY,G,57.05,0.6472276998268364,0.45,0,0.648649,0.7012713677972457,0.5,0.6053858665207285,0.694831447233297,0.6845872602043336,0.7058843733666401,0.6773852013572003,0.6472276998268364
THR,T,101.11,0.28601841852690174,0.562,0,0.675676,0.5379777613307019,0.5,0.2899233677639791,0.3687411339747827,0.3164107087866111,0.3713162976273964,0.2705125915749414,0.28601841852690174
ALA,A,71.07,0.3056426142046509,0.504,0,0.72973,0.0011162643859539,0.5,0.4091416334334939,0.2875304058554959,0.2766527818866389,0.2743297969040348,0.2412197872724073,0.3056426142046509
MET,M,131.2,0.5704801867680722,0.618,0,0.837838,0.7458993420826714,0.5,0.6705155095995086,0.5481101661619885,0.4773423465409139,0.5308481134337497,0.5501671547189579,0.5704801867680722
TYR,Y,163.18,0.9959328229183277,0.6459999999999999,0,0.864865,0.9950108229594324,0.5,0.5639552702006585,0.8021094825026004,0.9380702212315896,0.9774611449343455,0.973036866619562,0.9959328229183277
VAL,V,99.13,0.23594137668486553,0.5860000000000001,0,0.891892,0.4185006852559869,0.5,0.1939920391185204,0.2454075228666407,0.2193930747050434,0.2083769608174481,0.3014097208648376,0.23594137668486553
TRP,W,186.22,0.9911562920358681,0.6779999999999999,0,0.945946,0.9844235478393932,0.5,0.7324166426088773,0.9302611371369668,0.9831746440053356,0.9893764740371644,0.9990002230704232,0.9911562920358681
LEU,L,113.16,0.58048331094686,0.618,0,0.972973,0.5563020305733198,0.5,0.5480019935621148,0.6050174570242428,0.5814936653540561,0.6440005007782226,0.5654576154458717,0.58048331094686
ILE,I,113.16,0.5709584298744081,0.618,0,0.972973,0.6075268330845265,0.5,0.470550941654592,0.5749557005705217,0.5373199574387169,0.5423623610671892,0.5126302314071941,0.5709584298744081
PRO,P,97.12,0.28969548655137234,0.5559999999999999,0,1.0,0.3729641853599348,0.5,0.4195930479184173,0.4106101559815477,0.3526593451142358,0.3593126576364644,0.3914595445508911,0.28969548655137234
PHE,F,147.18,0.8892796224713138,0.636,0,1.0,0.9216959832175944,0.5,0.5706219995648684,0.7804943842015375,0.8592238250808204,0.8672358982062975,0.8670412634600343,0.8892796224713138
