,Wimley,BULDG reverse,MANP780101,VHEG790101,JANIN,JANJ790102,WOLR790101,PONP800101,PONP800102,PONP800103,PONP800104,PONP800105,PONP800106,Wilson,FAUCH,ENGEL,ROSEM,JACWH,CowanWhittacker,ROSM880101 reverse,ROSM880102 reverse,COWR900101,BLAS910101,CASSI,CIDH920101,CIDH920105,CIDBB,CIDA+,CIDAB,PONG1,PONG2,PONG3,WILM950101,WILM950102,WILM950104,Bishop reverse,NADH010101,NADH010102,NADH010103,NADH010104,NADH010105,NADH010106,NADH010107,ZIMJ680101,"NOZY710101
Tanford",JONES,LEVIT,KYTJ820101,SWER830101,SWEET,EISEN,ROSEF,GUYFE,COHEN,NNEIG,MDK0,MDK1,JURD980101,SET1,SET2,SET3,CHOTA,CHOTH,Sweet & Eisenberg,KIDER,ROSEB,Welling reverse,Rao & Argos,GIBRA,WOLR810101 reverse
R,0.3126614987080103,0.1068702290076336,0.1790123456790125,0.0,0.01078167115902966,0.1481481481481482,0.0,0.16159250585480084,0.20921305182341648,0.2661290322580646,0.06849315068493128,0.3085106382978726,0.22090729783037494,0.21739130434782608,0.0,0.0,0.0,0.0,0.16331658291457285,0.0,0.0,0.17603911980440093,0.0,0.2571428571428572,0.425249169435216,0.24406779661016947,0.34269662921348315,0.20178041543026703,0.15337423312883436,0.32101616628175533,0.43362831858407097,0.419512195121951,0.19744318181818182,0.3572593800978792,0.44834307992202727,0.4358974358974359,0.0,0.1783625730994152,0.12302839116719243,0.09477124183006536,0.028469750889679714,0.14067278287461774,0.19739696312364424,0.2703583061889251,0.0,0.22526315789473686,0.0,0.0,0.22291021671826627,0.005988023952095858,0.0,0.3081632653061225,0.11893764434180139,0.28125000000000006,0.3626588465298142,0.0,0.0,0.0,0.0,0.0,0.0,0.8333333333333334,0.0,0.0,0.0,0.6111111111111112,0.3644189383070301,0.04054054054054054,0.17842741935483872,0.0
D,0.2041343669250646,0.13740458015267173,0.0,0.26144879267277277,0.0772686433063792,0.4444444444444445,0.4586666666666666,0.03981264637002341,0.08829174664107485,0.13709677419354835,0.0,0.42340425531914905,0.05522682445759391,0.19130434782608696,0.07357859531772572,0.1937500000000001,0.3357452966714906,0.5152542372881357,0.0,0.2203389830508474,0.32538569424964936,0.432762836185819,0.028,0.0571428571428572,0.0,0.033898305084745714,0.16853932584269665,0.032640949554896104,0.046012269938650284,0.020785219399538073,0.1362831858407079,0.05609756097560943,0.2897727272727273,0.022838499184339334,0.2456140350877193,0.20512820512820518,0.29,0.3713450292397661,0.3186119873817035,0.3104575163398693,0.3096085409252669,0.4525993883792049,0.824295010845987,0.20846905537459284,0.5635103926096997,0.17473684210526316,0.07808090310442145,0.1111111111111111,0.0,0.42714570858283435,0.41687979539641945,0.2571428571428572,0.1327944572748268,0.12500000000000006,0.015640273704789848,0.15624999999999997,0.19191919191919196,0.15624999999999997,0.14472537053182222,0.30126582278481007,0.21046892039258455,0.4166666666666667,0.23678160919540234,0.2802547770700637,0.3081395348837209,0.21604938271604934,0.35437589670014347,0.013513513513513516,0.25403225806451607,0.40206185567010316
N,0.41343669250646,0.030534351145038153,0.11728395061728399,0.5720233139050791,0.0772686433063792,0.48148148148148145,0.4586666666666666,0.046838407494145036,0.08637236084452979,0.12096774193548382,0.28767123287671237,0.0,0.18145956607495067,0.2956521739130435,0.12597547380156074,0.46875000000000006,0.2344428364688857,0.6949152542372882,0.2914572864321608,0.317470664928292,0.22720897615708274,0.30562347188264055,0.236,0.31428571428571433,0.4385382059800665,0.1254237288135593,0.1713483146067416,0.0890207715133531,0.0920245398773006,0.16397228637413414,0.5238938053097346,0.39999999999999974,0.3536931818181818,0.15089722675367045,0.5662768031189085,0.41025641025641035,0.30333333333333334,0.3538011695906433,0.2334384858044164,0.16666666666666666,0.03914590747330961,0.07951070336391437,0.07592190889370933,0.029315960912052116,0.4041570438799076,0.02421052631578947,0.4374412041392286,0.1111111111111111,0.12074303405572756,0.2255489021956088,0.4475703324808184,0.2826530612244898,0.2448036951501155,0.0,0.1818181818181818,0.16666666666666663,0.19191919191919196,0.16666666666666663,0.4612031386224935,0.1518987341772152,0.4940021810250818,0.4722222222222223,0.18620689655172418,0.3548680618744313,0.3081395348837209,0.24691358024691357,0.5581061692969871,0.16216216216216217,0.29435483870967744,0.4589870013446885
E,0.0,0.17557251908396945,0.21399176954732524,0.3663613655287261,0.054806828391734085,0.40740740740740744,0.43466666666666665,0.09133489461358286,0.126679462571977,0.15322580645161288,0.358447488584475,0.38297872340425554,0.35108481262327434,0.3130434782608696,0.11371237458193977,0.2562500000000001,0.30535455861070915,0.5593220338983051,0.050251256281407024,0.3096479791395046,0.2959326788218794,0.46699266503667475,0.043,0.08571428571428573,0.23920265780730898,0.0,0.0,0.10979228486646883,0.0030674846625766902,0.09237875288683611,0.0,0.0,0.30397727272727276,0.21778140293637843,0.4191033138401559,0.0,0.17666666666666667,0.2631578947368421,0.1829652996845426,0.16339869281045752,0.10676156583629894,0.290519877675841,0.5401301518438177,0.21172638436482086,0.41339491916859117,0.17789473684210524,0.07808090310442145,0.1111111111111111,0.027863777089783305,0.4211576846307386,0.4578005115089514,0.2571428571428572,0.14318706697459585,0.28125000000000006,0.03519061583577716,0.19791666666666663,0.16161616161616166,0.19791666666666663,0.38884045335658246,0.19113924050632913,0.42748091603053434,0.638888888888889,0.28850574712643684,0.26842584167424927,0.20348837209302328,0.3148148148148147,0.5494978479196556,0.10810810810810811,0.1592741935483871,0.4356790676826536
K,0.2661498708010336,0.1946564885496183,0.1049382716049382,0.48293089092422986,0.0,0.0,0.4666666666666666,0.0,0.0,0.0,0.22374429223744308,0.31702127659574475,0.0,0.0,0.006688963210702297,0.21875,0.20694645441389292,0.48644067796610174,0.15326633165829143,0.3891786179921773,0.2005610098176718,0.06112469437652812,0.283,0.0,0.38538205980066453,0.24745762711864405,0.34269662921348315,0.1899109792284866,0.17791411042944785,0.0,0.1415929203539824,0.04878048780487788,0.08806818181818184,0.02773246329526919,0.4444444444444445,0.3846153846153846,0.5333333333333333,0.0,0.0,0.0,0.2775800711743772,0.19877675840978593,0.5357917570498916,0.5211726384364821,0.23787528868360272,0.43473684210526314,0.0,0.06666666666666668,0.19814241486068113,0.0,0.26342710997442453,0.0,0.0,0.6250000000000001,0.0,0.10312499999999994,0.12121212121212123,0.10312499999999994,0.5091543156059285,0.24936708860759496,0.36205016357688113,0.6944444444444445,0.03333333333333334,0.1264786169244768,0.04941860465116283,0.32716049382716045,0.15208034433285508,0.0,0.0,0.46615867324069926
H,0.4780361757105943,0.1068702290076336,0.2695473251028807,0.5387177352206495,0.165318957771788,0.6296296296296295,0.4319999999999999,0.4777517564402809,0.40882917466410745,0.36290322580645146,0.13926940639269397,0.7574468085106385,0.4220907297830376,0.19999999999999998,0.3500557413600891,0.58125,0.40520984081041966,0.664406779661017,0.3768844221105528,0.5397653194263363,0.3927068723702664,0.0,0.165,0.5714285714285714,0.8604651162790697,0.47457627118644063,0.4887640449438202,0.3086053412462908,0.29141104294478526,0.325635103926097,0.6831858407079647,0.5951219512195122,0.0,0.19412724306688414,0.0,0.46153846153846145,0.37,0.43859649122807015,0.35646687697160884,0.3235294117647059,0.199288256227758,0.1620795107033639,0.13449023861171366,0.3583061889250815,0.4919168591224018,0.2305263157894737,0.5465663217309501,0.14444444444444443,0.20743034055727555,0.4870259481037925,0.5447570332480819,0.6673469387755102,0.5831408775981525,0.5937500000000001,0.4046920821114369,0.19791666666666663,0.25252525252525254,0.19791666666666663,0.6207497820401047,0.5734177215189873,0.5605234460196292,0.6666666666666667,0.27126436781609203,0.5978161965423112,0.4622093023255814,0.5740740740740741,0.0,0.3986486486486487,0.5151209677419354,0.43254146122814885
Q,0.37209302325581395,0.0,0.18724279835390945,0.6061615320566195,0.054806828391734085,0.40740740740740744,0.4719999999999999,0.11241217798594817,0.18234165067178507,0.2661290322580646,0.07305936073059369,0.048936170212766056,0.35108481262327434,0.2956521739130435,0.24191750278706797,0.5125000000000001,0.25615050651230103,0.7084745762711865,0.30653266331658285,0.37222946544980445,0.24824684431977556,0.32273838630806845,0.251,0.14285714285714285,0.17607973421926912,0.01355932203389824,0.2556179775280899,0.04451038575667653,0.0,0.17782909930715926,0.368141592920354,0.2999999999999997,0.3622159090909091,0.1166394779771615,0.3079922027290449,0.35897435897435903,0.15,0.22514619883040934,0.138801261829653,0.09477124183006536,0.0,0.11009174311926606,0.20607375271149675,0.0,0.38799076212471123,0.0,0.4374412041392286,0.1111111111111111,0.12383900928792571,0.34730538922155696,0.42966751918158563,0.2571428571428572,0.15704387990762125,0.21875000000000006,0.2003910068426197,0.1479166666666666,0.10101010101010101,0.1479166666666666,0.4795117698343505,0.44177215189873414,0.4820065430752454,0.5833333333333334,0.10114942528735632,0.2383985441310282,0.22383720930232556,0.34567901234567894,0.46341463414634143,0.16216216216216217,0.2379032258064516,0.47243388614970866
S,0.48837209302325585,0.20992366412213742,0.07818930041152278,0.6661115736885929,0.165318957771788,0.6296296296296295,0.6666666666666666,0.10772833723653376,0.23224568138195778,0.38709677419354843,0.06392694063926928,0.33404255319148946,0.24654832347140038,0.2608695652173913,0.29765886287625415,0.80625,0.548480463096961,0.847457627118644,0.38190954773869346,0.5052151238591917,0.5315568022440392,0.4009779951100244,0.359,0.2571428571428572,0.17940199335548176,0.05762711864406777,0.10674157303370786,0.17804154302670622,0.11349693251533743,0.15473441108545033,0.663716814159292,0.4902439024390244,0.23011363636363638,0.14110929853181076,0.48050682261208577,0.4871794871794872,0.5,0.5233918128654971,0.36908517350157727,0.29411764705882354,0.18149466192170818,0.18960244648318042,0.1735357917570499,0.04560260586319219,0.5427251732101616,0.018947368421052647,0.42144873000940736,0.41111111111111115,0.23529411764705882,0.32135728542914177,0.6010230179028132,0.3591836734693878,0.23787528868360278,0.18750000000000003,0.2727272727272727,0.47916666666666663,0.4646464646464647,0.47916666666666663,0.6652136006974717,0.8126582278481013,0.7731733914940022,0.22222222222222218,0.35632183908045983,0.3448589626933576,0.42151162790697677,0.1419753086419753,0.48493543758966995,0.5945945945945946,0.21572580645161288,0.6660690273419991
C,0.5839793281653746,0.23282442748091603,0.7777777777777778,0.5770191507077436,1.0,1.0,0.8373333333333333,0.9672131147540982,1.0,1.0,0.8013698630136987,0.8744680851063834,0.8323471400394478,0.8608695652173913,0.7826086956521738,0.89375,0.7771345875542692,0.9610169491525423,0.7311557788944724,0.8109517601043025,0.8260869565217391,0.7628361858190709,0.68,1.0,0.7674418604651163,0.647457627118644,0.5814606741573034,0.5637982195845697,0.7484662576687117,0.7598152424942265,0.8991150442477875,0.9731707317073168,0.387784090909091,0.31402936378466556,0.7826510721247565,0.5897435897435896,1.0,1.0,1.0,1.0,1.0,1.0,1.0,0.4820846905537459,0.6512702078521939,0.4031578947368421,0.6246472248353716,0.7777777777777778,0.4582043343653251,0.6047904191616768,0.7212276214833759,1.0,0.8879907621247114,0.3437500000000001,1.0,0.7916666666666666,0.7373737373737375,0.7916666666666666,1.0,0.8645569620253164,0.7699018538713196,0.3333333333333334,0.8298850574712645,0.8262056414922656,0.8488372093023254,0.42592592592592593,0.6197991391678622,0.7972972972972973,1.0,0.837292693859256
G,0.5193798449612403,0.061068702290076306,0.3251028806584361,0.7693588676103248,0.3845462713387242,0.7777777777777778,1.0,0.28337236533957827,0.30518234165067176,0.34677419354838696,1.0,0.5085106382978726,0.20118343195266264,0.41739130434782606,0.3099219620958751,0.83125,0.5629522431259045,0.9305084745762712,0.5402010050251256,0.7887874837027379,0.5455820476858345,0.5574572127139364,0.501,0.42857142857142855,0.1727574750830565,0.11525423728813554,0.13202247191011238,0.11275964391691394,0.1932515337423313,0.2748267898383371,0.5522123893805311,0.4780487804878047,0.34801136363636365,0.16068515497553018,0.18908382066276802,0.5128205128205128,0.5766666666666667,0.5614035087719298,0.41009463722397477,0.3333333333333333,0.2099644128113879,0.1712538226299694,0.14316702819956617,0.03257328990228013,0.6951501154734411,0.02631578947368421,0.4684854186265287,0.4555555555555555,0.19814241486068113,0.4890219560878244,0.7698209718670077,0.5132653061224489,0.2690531177829099,0.12500000000000006,0.46432062561094817,0.44375,0.5050505050505051,0.46458333333333335,0.7942458587619878,0.8177215189873417,0.7971646673936751,0.0,0.5931034482758621,0.3921747042766151,0.5901162790697675,0.0,0.7116212338593974,0.6756756756756757,0.3911290322580645,1.0
T,0.4857881136950904,0.2595419847328244,0.17283950617283944,0.7085761865112407,0.1428571428571429,0.5925925925925926,0.6746666666666666,0.19906323185011704,0.26103646833013444,0.34677419354838696,0.4611872146118722,0.5765957446808513,0.11834319526627211,0.1217391304347826,0.39018952062430323,0.84375,0.6237337192474675,0.8576271186440678,0.4723618090452261,0.5371577574967406,0.6044880785413744,0.4938875305623471,0.45,0.3428571428571429,0.2724252491694353,0.1254237288135593,0.20224719101123598,0.0,0.17791411042944785,0.25635103926096986,0.33982300884955746,0.3219512195121948,0.41051136363636365,0.40212071778140285,0.310916179337232,0.4871794871794872,0.59,0.5906432748538012,0.49842271293375395,0.47058823529411764,0.4306049822064057,0.5565749235474006,0.6637744034707158,0.17589576547231273,0.5727482678983834,0.018947368421052647,0.5305738476011289,0.4222222222222222,0.3188854489164087,0.407185628742515,0.6342710997442456,0.46224489795918366,0.31755196304849886,0.40625000000000006,0.4007820136852394,0.4583333333333333,0.5151515151515151,0.4583333333333333,0.6503923278116827,0.6721518987341772,0.7840785169029444,0.3611111111111111,0.37241379310344835,0.45677888989990906,0.3604651162790698,0.2654320987654321,0.5121951219512195,0.668918918918919,0.31249999999999994,0.6741371582250113
A,0.4780361757105943,0.13740458015267173,0.43621399176954745,0.8376353039134056,0.3629829290206649,0.7777777777777778,0.9786666666666667,0.3466042154566742,0.36468330134357013,0.4112903225806451,0.6095890410958905,0.5978723404255321,0.14595660749506906,0.28695652173913044,0.4046822742474916,0.86875,0.6599131693198264,0.9457627118644067,0.628140703517588,0.8324641460234681,0.6395511921458625,0.6601466992665036,0.616,0.5142857142857143,0.3554817275747509,0.3932203389830508,0.3455056179775281,0.4629080118694362,0.42024539877300615,0.4711316397228639,0.5840707964601771,0.6024390243902437,0.32670454545454547,0.4681892332789559,0.06432748538011697,0.46153846153846145,0.8066666666666666,0.7485380116959064,0.5962145110410094,0.5098039215686274,0.39501779359430605,0.3302752293577982,0.28199566160520606,0.2703583061889251,0.7274826789838337,0.2305263157894737,0.5465663217309501,0.7,0.281733746130031,0.4011976047904192,0.8056265984654731,0.5642857142857143,0.3914549653579677,0.21875000000000006,0.49560117302052786,0.6875,0.7070707070707071,0.6458333333333333,0.7428073234524848,0.8708860759493671,0.8898582333696838,0.22222222222222218,0.6264367816091955,0.44949954504094636,0.622093023255814,0.14814814814814814,0.28263988522238165,0.8581081081081081,0.4122983870967742,0.9798296727924698
M,0.5813953488372093,0.6221374045801527,0.7283950617283951,0.7860116569525395,0.40610961365678355,0.8148148148148149,0.8266666666666665,0.8266978922716627,0.7888675623800384,0.8548387096774196,0.5525114155251143,0.9446808510638302,1.0,0.5304347826086956,0.6867335562987736,0.9812500000000001,0.804630969609262,0.9898305084745763,0.8165829145728644,0.8735332464146024,0.7798036465638148,0.8459657701711492,0.738,0.6,0.9601328903654486,0.7254237288135592,0.7247191011235955,0.7151335311572701,0.5521472392638037,0.6027713625866049,0.4849557522123894,0.6048780487804876,0.34801136363636365,0.0,0.3528265107212476,0.5641025641025641,0.8733333333333333,0.8128654970760234,0.7097791798107256,0.673202614379085,0.6298932384341637,0.5688073394495413,0.420824295010846,0.4560260586319218,0.7321016166281755,0.4431578947368421,0.6716839134524929,0.7111111111111111,0.7213622291021672,0.7085828343313374,0.8107416879795397,0.8469387755102041,0.8556581986143187,0.9375000000000003,0.6207233626588464,0.7291666666666667,0.7373737373737375,0.7291666666666667,0.6809067131647777,0.9050632911392406,0.861504907306434,0.6111111111111113,0.6609195402298851,0.8544131028207463,0.755813953488372,0.6790123456790124,1.0,0.8986486486486486,0.7600806451612904,0.8265351860152398
Y,0.7648578811369509,0.916030534351145,0.5288065843621399,0.6661115736885929,0.31895777178796053,0.5185185185185185,0.6186666666666666,0.5831381733021074,0.5393474088291746,0.5403225806451614,0.3789954337899545,0.6319148936170215,0.31360946745562124,0.9304347826086956,0.6042363433667781,0.7250000000000001,0.4211287988422576,0.9016949152542373,0.6381909547738693,0.7249022164276401,0.4081346423562412,0.6821515892420538,0.88,0.6,1.0,0.7627118644067796,0.797752808988764,0.6676557863501483,0.5705521472392638,0.5912240184757507,0.5026548672566371,0.6097560975609757,0.5866477272727273,0.3678629690048939,0.040935672514619874,0.7692307692307692,0.5766666666666667,0.631578947368421,0.580441640378549,0.5490196078431373,0.4626334519572954,0.39755351681957185,0.27114967462039047,0.96742671009772,0.6443418013856813,0.708421052631579,0.8278457196613358,0.35555555555555557,0.9226006191950464,0.81437125748503,0.7135549872122763,0.6163265306122448,0.5277136258660509,0.6250000000000001,0.560117302052786,0.3958333333333333,0.4141414141414142,0.3958333333333333,0.6451612903225806,0.7734177215189874,0.6106870229007634,0.861111111111111,0.23678160919540234,0.5259326660600546,0.7063953488372092,0.7098765432098765,0.42898134863701576,0.5,0.49294354838709675,0.6190049305244285
V,0.5038759689922481,0.6564885496183206,1.0,0.9059117402164863,0.6262353998203056,0.8888888888888888,0.9813333333333333,1.0,0.8944337811900194,0.8790322580645161,0.43378995433789974,0.9595744680851068,0.7751479289940827,0.8260869565217391,0.6845039018952062,0.93125,0.8784370477568741,0.9694915254237289,0.871859296482412,0.9308996088657105,0.8513323983169705,0.8850855745721272,0.825,0.6571428571428571,0.9235880398671098,0.7694915254237287,0.6741573033707866,0.7151335311572701,0.7392638036809817,0.8591224018475752,0.5398230088495576,0.775609756097561,0.5440340909090909,0.4420880913539967,0.4931773879142301,0.4871794871794872,0.9466666666666667,0.9152046783625731,0.832807570977918,0.7745098039215687,0.7046263345195729,0.672782874617737,0.5336225596529284,0.5830618892508144,1.0,0.4957894736842105,0.702728127939793,0.9666666666666666,0.6873065015479877,0.8343313373253493,0.9232736572890026,0.8724489795918368,0.7933025404157044,0.5625000000000001,0.8338220918866079,0.9687500000000001,0.9090909090909091,0.9687500000000001,0.8029642545771578,0.9860759493670886,0.9062159214830972,0.44444444444444453,0.8977011494252874,0.788898999090082,0.6598837209302325,0.4814814814814814,0.4662840746054519,0.8648648648648649,0.7439516129032258,0.982070820259973
W,1.0,0.8282442748091603,0.6337448559670781,0.9059117402164863,0.3405211141060198,0.7777777777777778,0.6293333333333333,0.5035128805620606,0.5163147792706335,0.588709677419355,0.2465753424657535,0.4489361702127663,0.2919132149901381,1.0,1.0,0.8875000000000001,0.9768451519536903,0.9135593220338983,0.8793969849246231,0.9752281616688396,0.9467040673211781,0.9144254278728606,0.878,0.9142857142857144,0.9634551495016612,0.9661016949152541,1.0,0.744807121661721,0.8312883435582823,0.681293302540416,1.0,1.0,0.6434659090909092,0.736541598694943,0.6423001949317739,1.0,0.81,0.8011695906432749,0.7886435331230284,0.7908496732026143,0.7224199288256228,0.7125382262996942,0.6746203904555315,0.10097719869706841,0.7713625866050808,1.0,1.0,0.4,0.5603715170278638,1.0,0.8542199488491049,0.8469387755102041,0.7193995381062356,1.0,0.6744868035190615,0.48333333333333334,0.5151515151515151,0.48333333333333334,0.5544899738448126,0.7632911392405063,0.8505997818974917,1.0,0.4402298850574713,0.6005459508644223,1.0,1.0,0.6111908177905307,0.6148648648648649,0.7258064516129031,0.629314208874944
L,0.6666666666666666,1.0,0.8333333333333333,0.9317235636969192,0.5166217430368374,0.8518518518518517,0.9946666666666666,0.7728337236533956,0.7005758157389634,0.6935483870967742,0.6917808219178082,1.0,0.6193293885601578,0.8869565217391304,0.8316610925306576,0.9437500000000001,1.0,0.9847457627118644,0.992462311557789,0.9856584093872229,0.9691444600280504,0.9975550122249389,0.943,0.6,0.9335548172757476,0.7728813559322033,0.7162921348314606,0.7062314540059347,0.6625766871165645,0.7344110854503464,0.4796460176991152,0.6707317073170732,0.8153409090909092,0.7903752039151712,0.398635477582846,0.6666666666666667,0.93,0.9005847953216374,0.7917981072555205,0.7450980392156863,0.6761565836298933,0.5657492354740061,0.3644251626898048,0.8208469055374593,0.9376443418013856,0.5757894736842106,0.7497648165569144,0.9222222222222223,0.7832817337461301,0.9800399201596807,0.9181585677749361,0.8469387755102041,0.8348729792147807,0.7187500000000001,0.6930596285434995,0.9270833333333333,0.898989898989899,0.9270833333333333,0.8857890148212729,1.0,1.0,0.5277777777777778,0.745977011494253,0.8380345768880803,0.8633720930232558,0.6234567901234567,0.3400286944045911,0.9324324324324323,0.8629032258064515,0.9950694755714926
I,0.6020671834625323,0.9236641221374046,0.9917695473251027,0.9400499583680266,0.67026055705301,0.9259259259259258,0.9893333333333333,0.929742388758782,0.8195777351247602,0.7741935483870969,0.8333333333333336,0.4914893617021278,0.5956607495069033,0.6869565217391305,0.8617614269788183,0.9625,1.0,0.9779661016949153,1.0,0.9856584093872229,0.9691444600280504,1.0,0.943,0.8571428571428571,0.7574750830564786,1.0,0.7584269662921349,1.0,1.0,1.0,0.6849557522123895,0.9512195121951217,0.8125000000000001,0.6117455138662315,1.0,0.5897435897435896,0.97,0.9093567251461988,0.7949526813880127,0.7516339869281046,0.6725978647686833,0.5688073394495413,0.3470715835140998,1.0,0.9030023094688221,0.8357894736842105,0.7497648165569144,1.0,0.7925696594427245,0.9800399201596807,1.0,0.923469387755102,0.8706697459584295,0.6875000000000001,0.9090909090909092,1.0,1.0,1.0,0.7462946817785528,0.9417721518987342,0.9193020719738277,0.5555555555555556,1.0,0.7543221110100091,0.7674418604651162,0.5864197530864198,0.8665710186513629,0.9121621621621621,0.876008064516129,0.9892424921559838
P,0.40568475452196384,0.43511450381679384,0.10699588477366244,0.5462114904246462,0.12129380053908358,0.5555555555555555,0.824,0.09133489461358286,0.1765834932821497,0.2741935483870967,0.12100456621004554,0.4914893617021278,0.1360946745562129,0.5043478260869566,0.5306577480490523,0.7562500000000001,0.8162083936324168,0.8813559322033898,0.7512562814070352,0.9028683181225554,0.791023842917251,0.7677261613691931,0.711,0.17142857142857146,0.46511627906976744,0.35593220338983045,0.3651685393258427,0.3382789317507418,0.30368098159509205,0.011547344110854667,0.4035398230088497,0.23658536585365827,0.41903409090909094,0.24469820554649263,0.2777777777777778,0.41025641025641035,0.35,0.3684210526315789,0.2113564668769716,0.13725490196078433,0.0071174377224199285,0.0,0.0,0.8794788273615636,0.6120092378752886,0.7347368421052632,0.6876763875823142,0.3222222222222222,0.2538699690402477,0.7465069860279442,0.6777493606138107,0.3081632653061225,0.16743648960739033,0.8125000000000001,0.15542521994134895,0.3333333333333333,0.38383838383838387,0.3333333333333333,0.4777680906713165,0.369620253164557,0.2988004362050164,0.3888888888888889,0.28850574712643684,0.29299363057324845,0.7616279069767441,0.1851851851851852,0.5236728837876614,0.3040540540540541,0.31552419354838707,0.8928731510533393
F,0.813953488372093,0.9503816793893131,0.648148148148148,1.0,0.472596585804133,0.8518518518518517,0.8586666666666666,0.6159250585480092,0.6276391554702496,0.7258064516129032,0.7077625570776257,0.5085106382978726,0.6587771203155818,0.9652173913043478,0.858416945373467,1.0,1.0,1.0,0.964824120603015,1.0,1.0,0.9828850855745721,1.0,0.7428571428571429,0.9966777408637875,0.8440677966101695,0.797752808988764,0.655786350148368,0.7638036809815952,0.6651270207852196,0.46194690265486743,0.6219512195121949,1.0,1.0,0.5428849902534113,0.7948717948717949,0.92,0.9152046783625731,0.8706624605678234,0.8366013071895425,0.7758007117437722,0.672782874617737,0.5466377440347071,0.8957654723127036,0.8591224018475749,0.7610526315789474,0.8588899341486359,0.8111111111111111,1.0,0.9960079840319362,0.9514066496163683,0.923469387755102,1.0,0.8437500000000002,0.6656891495601174,0.8229166666666666,0.797979797979798,0.8229166666666666,0.4777680906713165,0.369620253164557,0.2988004362050164,0.7500000000000001,0.8298850574712645,1.0,0.9593023255813952,0.8086419753086419,0.6499282639885222,1.0,0.8598790322580646,0.8588077095472881
