three,one,MW,lambdas,sigmas,q,HPS,M1,lambdas_0,lambdas_1,lambdas_2,lambdas_3,lambdas_4,lambdas_5,lambdas_6,lambdas_7,lambdas_8,lambdas_9,lambdas_10,lambdas_11,lambdas_12
ARG,R,156.19,0.7788372234509029,0.6559999999999999,1,0.0,0.7249915947715212,0.7249915947715212,0.756287363703896,0.7847740942071566,0.7358502817504957,0.7683934858776911,0.7493643585965872,0.7090868010738762,0.7773873902004786,0.7561973714885762,0.7131869368286375,0.725745206841283,0.7129056771661759,0.7788372234509029
ASP,D,115.09,0.09356205367227126,0.5579999999999999,-1,0.3783780000000001,0.0291821237763497,0.0291821237763497,0.0093478412289562,0.1179179342616979,0.1069847274211304,0.0820831495683285,0.0844442338673857,0.1050238619073902,0.0948536190126997,0.0926845775344915,0.1216435337205587,0.0996087979931816,0.0941981949873027,0.09356205367227126
ASN,N,114.1,0.41734772675213644,0.568,0,0.432432,0.4383272997027284,0.4383272997027284,0.4728852792808402,0.4708292386566187,0.4456007901944791,0.4910848104749666,0.3994996569311119,0.480982159741495,0.4022385907810384,0.4363148848396835,0.4710471708513996,0.5443664154383352,0.5159360886166701,0.41734772675213644
GLU,E,129.11,0.000985847017506685,0.5920000000000001,-1,0.459459,0.0061002816086497,0.0061002816086497,0.00226137687626,2.034676781288887e-05,2.034676781288887e-05,2.034676781288887e-05,0.0009323763100102,0.0028623430642942,0.0028623430642942,0.0005490495547729,0.0033915119059641,0.0027304491308928,0.0016061847518998,0.000985847017506685
LYS,K,128.17,0.2558218896686428,0.636,1,0.513514,0.0586171731586979,0.0586171731586979,0.1730748023554623,0.1426603472844818,0.1486778324976861,0.1148428376570105,0.172046836555931,0.1638902429913266,0.1903214111421007,0.1633259631617357,0.1192671225820592,0.1389756713908612,0.175525590352461,0.2558218896686428
HIS,H,137.14,0.4747692218977969,0.608,0,0.513514,0.4651948082346978,0.4651948082346978,0.4604102063419075,0.4067127211334685,0.4509345689045304,0.4213222713405086,0.4765112528277578,0.4425783745864391,0.445081124545673,0.4481085149648034,0.4628309613518058,0.4682778358208287,0.4797544084578679,0.4747692218977969
GLN,Q,128.13,0.35457747072639173,0.602,0,0.513514,0.3268188050525212,0.3268188050525212,0.3267091452725262,0.2467384134651216,0.3366869089545496,0.3934868049321869,0.4473248984790037,0.3541232787008675,0.3923181766805378,0.3553683585177614,0.387169396506358,0.3710752547102003,0.4565314251131449,0.35457747072639173
SER,S,87.08,0.4784367669291768,0.518,0,0.594595,0.4648570130065605,0.4648570130065605,0.3947351098293798,0.4413354072524455,0.476238425004063,0.476004629861347,0.4839536894477454,0.5183019603916319,0.4751394650316097,0.4924415639622864,0.3977684476566607,0.4266024099380614,0.4031491267020335,0.4784367669291768
CYS,C,103.14,0.5783735576220396,0.5479999999999999,0,0.594595,0.610362354303913,0.610362354303913,0.5724625594583906,0.594929537541199,0.5887207255435517,0.5552138641666913,0.5646426476754619,0.5785177918058468,0.5710729751035543,0.5703165350452931,0.5747200767545931,0.5782746067380317,0.5544538149484881,0.5783735576220396
GLY,G,57.05,0.7119601258160007,0.45,0,0.648649,0.7012713677972457,0.7012713677972457,0.752229932669366,0.7331818240243624,0.71917166699314,0.6914293350185922,0.7265013058617096,0.6948532469655118,0.7283328131512936,0.7108794340939729,0.7396418996369412,0.7065381997694414,0.7158657682368671,0.7119601258160007
THR,T,101.11,0.2688222590612802,0.562,0,0.675676,0.5379777613307019,0.5379777613307019,0.375046230716212,0.3488367029107845,0.3355929839741771,0.3141038629581881,0.3308183852674223,0.3228316635326577,0.3249470429076774,0.2811130244266367,0.3305493725725106,0.3275479490208209,0.3090529000095926,0.2688222590612802
ALA,A,71.07,0.30191438002672105,0.504,0,0.72973,0.0011162643859539,0.0011162643859539,0.2838602712903867,0.3372748849080653,0.2355646082880921,0.2836208297629005,0.3033477444563909,0.2978344635781202,0.2580915609965498,0.3405307117817326,0.3278617157266595,0.3210139526879588,0.2667356026159325,0.30191438002672105
MET,M,131.2,0.6573041761248017,0.618,0,0.837838,0.7458993420826714,0.7458993420826714,0.5126979671919725,0.5588863394653675,0.527935028878408,0.5411222399981362,0.5211370044429697,0.5381701433422985,0.5662304525763294,0.5068387742374183,0.556196165807215,0.529717063769024,0.641412718698762,0.6573041761248017
TYR,Y,163.18,0.9989054890569475,0.6459999999999999,0,0.864865,0.9950108229594324,0.9950108229594324,0.9974591301092042,0.9932243180056586,0.9998819166684312,0.9995272742077718,0.9856909703096972,0.9973956579723844,0.986463403906949,0.9957812973976656,0.9983706045826776,0.979282756216905,0.9923382073456668,0.9989054890569475
VAL,V,99.13,0.2891501505459673,0.5860000000000001,0,0.891892,0.4185006852559869,0.4185006852559869,0.3040443757916961,0.2968501917011235,0.2807903922252598,0.2916016536795167,0.270054133951621,0.2447622921803305,0.1888454368185735,0.1952499031428264,0.2596255214983523,0.2700006268293497,0.2965613747355663,0.2891501505459673
TRP,W,186.22,0.9795979182039777,0.6779999999999999,0,0.945946,0.9844235478393932,0.9844235478393932,0.9828584975499786,0.9778642469566516,0.9816774680740604,0.9693378935842,0.9829020361726082,0.9867051914342164,0.9973957190560526,0.9973788297294318,0.9743783150395176,0.989766187011344,0.964940342620696,0.9795979182039777
LEU,L,113.16,0.6189480456308116,0.618,0,0.972973,0.5563020305733198,0.5563020305733198,0.623732274510122,0.6183788974175255,0.6440526475641362,0.6162253905646858,0.6063816950457024,0.667406552151421,0.6690029895468833,0.6347395653520538,0.6026161549279041,0.5770192250537772,0.6076064228379944,0.6189480456308116
ILE,I,113.16,0.5384741051343083,0.618,0,0.972973,0.6075268330845265,0.6075268330845265,0.5540578356393699,0.5524643274974471,0.575243270669644,0.5954390569169851,0.5346821344439059,0.5818446478356634,0.5948951411339295,0.5577867089302272,0.5481001255618997,0.5683423339932959,0.5560966416454597,0.5384741051343083
PRO,P,97.12,0.3701603779386004,0.5559999999999999,0,1.0,0.3729641853599348,0.3729641853599348,0.4037199118825549,0.3042633671563451,0.3751338528904147,0.3618759441605615,0.2830851120660664,0.2958195303732495,0.3214266029114694,0.3526718034169145,0.4051682815471146,0.4616407081814748,0.4280600685440577,0.3701603779386004
PHE,F,147.18,0.8784450655595955,0.636,0,1.0,0.9216959832175944,0.9216959832175944,0.9089063498824992,0.8915413148608559,0.9127082747485932,0.9121412610409856,0.9167859302966392,0.9135104715687372,0.9100567775890206,0.9131939827767808,0.9013822691058344,0.8947678772876384,0.892472874296676,0.8784450655595955
